id,nome,turno,periodo,nota1,nota2,nota3
aluno_1,Juliana Silva,Manhã,1,7.5,5.1,2.6
aluno_2,Paulo Nascimento,Manhã,4,0.7,6.0,1.1
aluno_3,Ana Rodrigues,Manhã,1,5.9,3.2,9.7
aluno_4,Vinicius Silva,Noite,5,2.1,7.5,4.6
aluno_5,Vinicius Souza,Tarde,1,3.8,2.0,5.4
aluno_6,Gabriel Nascimento,Manhã,4,0.4,4.4,8.9
aluno_7,Renata Silva,Manhã,5,1.5,1.6,9.6
aluno_8,Mariana Silva,Manhã,5,2.2,4.5,5.6
aluno_9,Daniela Nascimento,Noite,1,5.4,7.1,6.1
aluno_10,Renata Lima,Noite,1,3.6,9.1,4.9
aluno_11,Paulo Nascimento,Noite,3,8.7,5.5,3.3
aluno_12,Vinicius Silva,Tarde,3,6.1,5.7,2.2
aluno_13,Gabriel Pereira,Noite,5,6.7,1.8,7.9
aluno_14,Bruno Oliveira,Tarde,1,7.6,0.7,8.4
aluno_15,Eduardo Souza,Tarde,2,4.3,5.9,1.2
aluno_16,Yasmin Pereira,Noite,5,9.0,0.7,8.5
aluno_17,Lucas Souza,Manhã,4,8.2,2.5,8.9
aluno_18,Vinicius Pereira,Noite,2,6.9,9.5,5.4
aluno_19,Eduardo Pereira,Noite,3,6.8,5.7,4.8
aluno_20,Olivia Almeida,Manhã,5,6.1,0.2,3.8
aluno_21,Gabriel Souza,Tarde,2,0.4,9.7,4.8
aluno_22,Mariana Pereira,Tarde,2,7.7,4.8,5.5
aluno_23,Daniela Costa,Manhã,5,6.3,0.5,8.6
aluno_24,Daniela Santos,Manhã,1,7.0,4.6,4.9
aluno_25,Bruno Silva,Noite,4,5.7,6.7,5.6
aluno_26,Renata Rodrigues,Tarde,1,2.6,6.6,7.1
aluno_27,Renata Lima,Manhã,2,7.8,9.1,8.0
aluno_28,Bruno Oliveira,Tarde,2,8.9,2.6,1.3
aluno_29,Lucas Souza,Noite,5,4.9,9.1,9.5
aluno_30,Juliana Lima,Manhã,1,6.5,1.4,9.0
aluno_31,Paulo Lima,Noite,2,7.2,7.7,2.4
aluno_32,Ana Souza,Tarde,5,9.3,2.3,3.7
aluno_33,Mariana Lima,Noite,3,2.7,1.7,1.3
aluno_34,Lucas Costa,Manhã,2,5.7,0.6,2.1
aluno_35,Paulo Lima,Noite,5,7.0,3.0,0.6
aluno_36,Mariana Silva,Manhã,1,1.0,9.8,7.0
aluno_37,Tatiane Rodrigues,Manhã,2,5.7,5.6,5.2
aluno_38,Tatiane Silva,Tarde,5,2.9,9.6,5.3
aluno_39,Gabriel Souza,Noite,2,3.3,1.9,3.3
aluno_40,Helena Pereira,Tarde,1,9.2,6.9,3.2
aluno_41,Carlos Nascimento,Tarde,5,2.6,8.0,7.1
aluno_42,Eduardo Lima,Manhã,1,6.2,4.2,6.5
aluno_43,Samuel Oliveira,Manhã,1,2.2,9.2,9.5
aluno_44,Mariana Almeida,Manhã,5,2.2,3.1,4.1
aluno_45,Gabriel Pereira,Manhã,2,5.1,1.9,2.3
aluno_46,Lucas Nascimento,Tarde,5,0.9,8.8,2.0
aluno_47,Renata Souza,Manhã,1,1.9,6.8,4.8
aluno_48,Eduardo Santos,Noite,5,9.9,9.2,0.3
aluno_49,Lucas Nascimento,Noite,4,7.8,3.0,1.0
aluno_50,Yasmin Silva,Noite,5,5.6,9.0,10.0
aluno_51,Nicolas Nascimento,Tarde,1,2.2,8.8,0.5
aluno_52,Igor Silva,Tarde,1,6.9,4.0,7.9
aluno_53,Olivia Souza,Tarde,5,3.1,0.1,1.5
aluno_54,Igor Almeida,Manhã,5,7.4,1.3,3.4
aluno_55,Samuel Lima,Tarde,2,3.6,2.3,1.5
aluno_56,Lucas Nascimento,Noite,1,3.6,3.8,8.9
aluno_57,Tatiane Oliveira,Manhã,5,5.0,2.1,0.5
aluno_58,Juliana Nascimento,Noite,2,5.2,3.4,2.1
aluno_59,Helena Lima,Noite,5,0.9,4.7,2.7
aluno_60,Yasmin Nascimento,Manhã,3,8.3,10.0,8.5
aluno_61,Eduardo Nascimento,Tarde,2,5.7,7.8,2.3
aluno_62,Gabriel Costa,Manhã,1,7.1,1.8,8.1
aluno_63,Mariana Oliveira,Tarde,3,5.8,5.2,7.6
aluno_64,Ana Silva,Manhã,2,8.9,3.5,9.9
aluno_65,Lucas Lima,Noite,2,9.9,9.8,9.8
aluno_66,Samuel Almeida,Noite,3,8.2,9.0,0.3
aluno_67,Renata Silva,Noite,5,8.6,0.2,0.6
aluno_68,Gabriel Almeida,Tarde,2,8.8,1.2,2.1
aluno_69,Yasmin Souza,Noite,2,7.5,10.0,8.9
aluno_70,Mariana Silva,Tarde,2,6.3,1.3,6.4
aluno_71,Yasmin Oliveira,Manhã,1,1.2,3.7,2.8
aluno_72,Nicolas Almeida,Manhã,5,7.2,4.0,9.1
aluno_73,Bruno Silva,Manhã,2,0.2,2.6,3.9
aluno_74,Yasmin Lima,Noite,2,9.6,8.6,2.2
aluno_75,Yasmin Almeida,Tarde,5,0.1,3.6,9.3
aluno_76,Nicolas Santos,Manhã,3,3.3,3.6,5.3
aluno_77,Carlos Rodrigues,Tarde,2,3.4,4.8,0.6
aluno_78,Igor Pereira,Tarde,3,8.3,7.6,1.9
aluno_79,Mariana Almeida,Manhã,3,1.8,2.5,2.9
aluno_80,Mariana Souza,Tarde,1,1.0,6.0,4.6
aluno_81,Tatiane Lima,Manhã,5,0.1,9.1,1.8
aluno_82,Daniela Oliveira,Manhã,5,7.4,2.8,5.8
aluno_83,Samuel Santos,Manhã,5,3.9,3.8,0.3
aluno_84,Olivia Lima,Tarde,2,1.1,2.2,3.4
aluno_85,Nicolas Rodrigues,Manhã,4,7.8,1.3,8.3
aluno_86,Ana Almeida,Noite,4,8.7,9.9,3.7
aluno_87,Nicolas Silva,Noite,1,4.5,6.5,2.7
aluno_88,Gabriel Nascimento,Tarde,2,3.2,0.2,0.8
aluno_89,Nicolas Lima,Noite,3,9.1,0.4,5.9
aluno_90,Juliana Costa,Tarde,5,9.1,0.3,2.4
aluno_91,Igor Rodrigues,Noite,2,5.1,2.5,9.5
aluno_92,Daniela Rodrigues,Tarde,2,1.9,7.1,4.0
aluno_93,Carlos Rodrigues,Tarde,5,3.0,3.6,3.8
aluno_94,Fernanda Lima,Noite,1,3.1,9.0,1.4
aluno_95,Helena Souza,Manhã,4,8.5,4.7,5.1
aluno_96,Bruno Almeida,Manhã,5,7.5,8.4,7.1
aluno_97,Mariana Rodrigues,Tarde,1,7.7,9.7,4.7
aluno_98,Nicolas Rodrigues,Noite,5,2.4,8.3,5.2
aluno_99,Lucas Oliveira,Manhã,4,4.6,8.1,9.7
aluno_100,Vinicius Pereira,Tarde,1,6.1,1.7,5.0
aluno_101,Bruno Lima,Manhã,5,9.5,0.0,4.2
aluno_102,Renata Pereira,Tarde,5,2.8,0.7,10.0
aluno_103,Fernanda Costa,Noite,5,7.5,0.6,1.4
aluno_104,Vinicius Costa,Manhã,1,7.6,6.6,2.5
aluno_105,Samuel Almeida,Manhã,4,4.4,9.9,7.7
aluno_106,Gabriel Silva,Manhã,4,2.4,9.8,9.6
aluno_107,Ana Rodrigues,Noite,2,7.5,1.4,0.8
aluno_108,Bruno Silva,Tarde,5,5.9,6.2,4.2
aluno_109,Paulo Santos,Tarde,4,4.0,6.5,5.6
aluno_110,Vinicius Santos,Tarde,4,4.4,5.9,2.6
aluno_111,Fernanda Almeida,Manhã,2,7.2,8.9,4.3
aluno_112,Ana Silva,Tarde,4,8.2,1.5,6.6
aluno_113,Mariana Almeida,Tarde,5,3.0,3.9,6.5
aluno_114,Carlos Lima,Tarde,2,0.0,9.2,9.8
aluno_115,Helena Lima,Noite,4,6.5,7.6,8.4
aluno_116,Renata Pereira,Manhã,1,3.9,7.8,9.8
aluno_117,Gabriel Santos,Manhã,3,0.4,1.4,8.5
aluno_118,Olivia Lima,Tarde,2,2.7,8.1,8.8
aluno_119,Mariana Lima,Noite,4,6.9,8.8,0.8
aluno_120,Bruno Rodrigues,Tarde,3,1.8,6.0,2.3
aluno_121,Olivia Oliveira,Manhã,5,6.7,8.0,6.3
aluno_122,Mariana Nascimento,Tarde,1,0.9,8.2,8.0
aluno_123,Daniela Oliveira,Manhã,3,3.0,2.0,8.6
aluno_124,Mariana Santos,Manhã,3,4.5,6.5,1.3
aluno_125,Olivia Pereira,Manhã,3,8.0,5.0,3.9
aluno_126,Daniela Lima,Noite,1,6.3,6.5,3.6
aluno_127,Mariana Oliveira,Tarde,2,5.5,0.7,5.0
aluno_128,Eduardo Santos,Manhã,1,2.9,0.6,4.5
aluno_129,Paulo Lima,Noite,1,5.8,9.7,7.9
aluno_130,Gabriel Oliveira,Manhã,3,0.6,5.2,5.0
aluno_131,Lucas Rodrigues,Manhã,3,8.3,9.8,8.2
aluno_132,Daniela Santos,Tarde,1,5.6,1.6,9.9
aluno_133,Paulo Rodrigues,Manhã,5,7.5,10.0,0.6
aluno_134,Renata Oliveira,Noite,2,5.4,4.8,3.7
aluno_135,Fernanda Silva,Tarde,1,9.4,6.9,9.5
aluno_136,Carlos Costa,Manhã,3,3.7,8.0,8.5
aluno_137,Olivia Costa,Manhã,2,4.3,5.6,4.1
aluno_138,Lucas Costa,Tarde,4,7.9,1.8,3.9
aluno_139,Paulo Oliveira,Noite,1,5.3,1.2,4.3
aluno_140,Renata Souza,Noite,4,9.2,9.3,4.3
aluno_141,Paulo Silva,Noite,3,7.0,3.9,4.8
aluno_142,Eduardo Nascimento,Manhã,5,8.4,8.3,7.0
aluno_143,Tatiane Costa,Noite,5,4.0,1.3,9.4
aluno_144,Renata Lima,Manhã,1,0.1,8.8,7.8
aluno_145,Mariana Pereira,Manhã,5,8.7,7.1,0.8
aluno_146,Vinicius Almeida,Noite,2,3.2,6.2,6.4
aluno_147,Bruno Oliveira,Manhã,5,3.2,2.1,1.0
aluno_148,Samuel Costa,Manhã,3,5.5,6.7,7.0
aluno_149,Bruno Rodrigues,Tarde,1,6.4,8.0,2.2
aluno_150,Bruno Souza,Manhã,3,4.5,3.2,1.4
aluno_151,Gabriel Lima,Manhã,5,8.3,8.0,2.6
aluno_152,Daniela Santos,Tarde,2,4.6,5.9,8.8
aluno_153,Bruno Rodrigues,Manhã,4,6.7,9.2,7.7
aluno_154,Carlos Pereira,Tarde,5,0.2,8.0,3.6
aluno_155,Olivia Costa,Manhã,4,7.6,8.7,9.8
aluno_156,Renata Pereira,Noite,4,4.2,8.4,6.1
aluno_157,Ana Souza,Tarde,3,0.8,9.3,6.2
aluno_158,Renata Costa,Tarde,1,9.9,4.4,4.6
aluno_159,Juliana Santos,Manhã,5,1.4,0.7,0.2
aluno_160,Eduardo Almeida,Noite,3,3.3,9.8,3.7
aluno_161,Eduardo Almeida,Manhã,1,8.9,6.0,8.1
aluno_162,Helena Souza,Tarde,4,0.5,0.8,1.5
aluno_163,Eduardo Costa,Noite,1,6.0,2.0,3.4
aluno_164,Fernanda Nascimento,Manhã,4,2.2,3.9,4.4
aluno_165,Samuel Santos,Tarde,5,5.1,5.7,5.6
aluno_166,Daniela Costa,Noite,3,7.2,7.6,2.3
aluno_167,Yasmin Costa,Manhã,5,3.6,4.0,4.7
aluno_168,Olivia Almeida,Tarde,1,0.7,8.0,3.9
aluno_169,Lucas Souza,Tarde,2,0.8,1.3,5.0
aluno_170,Mariana Souza,Manhã,2,4.4,7.3,6.5
aluno_171,Mariana Pereira,Noite,3,5.2,2.3,2.7
aluno_172,Vinicius Santos,Tarde,2,3.8,1.3,1.3
aluno_173,Samuel Silva,Noite,3,9.2,9.1,9.3
aluno_174,Gabriel Silva,Tarde,4,2.3,7.8,0.3
aluno_175,Lucas Oliveira,Noite,5,3.0,4.1,5.0
aluno_176,Paulo Lima,Noite,4,5.9,3.3,9.8
aluno_177,Vinicius Almeida,Noite,4,7.8,8.5,1.2
aluno_178,Helena Pereira,Tarde,3,9.8,5.1,5.8
aluno_179,Vinicius Rodrigues,Noite,1,8.5,9.8,1.9
aluno_180,Juliana Oliveira,Noite,5,6.1,7.1,6.1
aluno_181,Yasmin Pereira,Tarde,3,5.6,3.1,1.3
aluno_182,Juliana Almeida,Manhã,4,1.5,5.4,5.6
aluno_183,Olivia Silva,Tarde,4,1.5,3.7,3.2
aluno_184,Daniela Souza,Tarde,2,1.1,2.4,6.4
aluno_185,Yasmin Almeida,Manhã,2,8.4,8.1,0.8
aluno_186,Mariana Pereira,Tarde,1,4.9,6.1,4.3
aluno_187,Paulo Rodrigues,Tarde,4,4.4,5.5,6.0
aluno_188,Paulo Santos,Manhã,2,9.3,4.2,4.1
aluno_189,Gabriel Silva,Manhã,1,3.5,7.6,7.1
aluno_190,Juliana Pereira,Manhã,1,4.6,4.5,9.4
aluno_191,Eduardo Almeida,Tarde,5,9.0,3.1,1.3
aluno_192,Ana Costa,Tarde,5,5.2,0.1,9.1
aluno_193,Samuel Costa,Noite,3,8.2,4.7,9.1
aluno_194,Gabriel Lima,Tarde,5,9.9,5.6,1.0
aluno_195,Fernanda Nascimento,Tarde,2,4.5,4.1,9.9
aluno_196,Fernanda Nascimento,Manhã,2,8.2,1.2,4.8
aluno_197,Daniela Lima,Tarde,1,8.4,5.0,2.5
aluno_198,Daniela Almeida,Noite,1,0.3,5.8,4.9
aluno_199,Yasmin Almeida,Manhã,1,4.9,3.3,9.3
aluno_200,Helena Lima,Noite,4,0.8,9.4,5.8
aluno_201,Igor Santos,Tarde,2,5.0,1.1,7.6
aluno_202,Nicolas Costa,Manhã,3,0.4,3.8,5.8
aluno_203,Daniela Silva,Manhã,4,1.6,2.1,5.3
aluno_204,Helena Oliveira,Noite,4,5.9,4.9,2.8
aluno_205,Ana Souza,Tarde,2,4.2,2.9,7.2
aluno_206,Renata Nascimento,Tarde,1,3.2,3.9,4.7
aluno_207,Tatiane Almeida,Manhã,3,6.5,7.3,7.7
aluno_208,Vinicius Santos,Tarde,5,7.9,2.5,7.9
aluno_209,Tatiane Almeida,Manhã,5,6.9,9.1,9.7
aluno_210,Mariana Lima,Manhã,5,3.8,7.6,3.8
aluno_211,Yasmin Lima,Tarde,5,7.0,4.7,6.4
aluno_212,Igor Pereira,Manhã,3,5.2,8.9,1.5
aluno_213,Lucas Lima,Manhã,3,7.8,4.8,4.0
aluno_214,Fernanda Costa,Tarde,1,7.8,4.8,6.5
aluno_215,Igor Almeida,Tarde,5,1.7,9.0,9.9
aluno_216,Lucas Rodrigues,Tarde,5,0.4,4.7,3.4
aluno_217,Igor Pereira,Noite,2,1.2,5.4,3.5
aluno_218,Olivia Pereira,Tarde,3,4.7,8.4,0.7
aluno_219,Mariana Lima,Manhã,1,5.5,2.8,4.7
aluno_220,Lucas Nascimento,Manhã,4,2.5,0.4,6.1
aluno_221,Lucas Santos,Tarde,5,3.8,0.2,3.7
aluno_222,Samuel Pereira,Tarde,2,1.0,4.1,4.5
aluno_223,Nicolas Santos,Tarde,1,6.0,4.8,2.8
aluno_224,Gabriel Rodrigues,Noite,3,7.4,5.5,6.3
aluno_225,Yasmin Silva,Tarde,1,1.7,1.3,6.9
aluno_226,Helena Almeida,Noite,1,1.5,5.4,7.3
aluno_227,Tatiane Costa,Manhã,2,9.5,5.9,3.4
aluno_228,Olivia Lima,Noite,3,5.1,2.4,2.4
aluno_229,Ana Silva,Tarde,3,1.0,6.2,3.3
aluno_230,Paulo Souza,Noite,5,1.5,4.3,1.0
aluno_231,Lucas Souza,Manhã,3,9.4,6.9,3.6
aluno_232,Lucas Lima,Noite,3,2.4,0.9,8.8
aluno_233,Vinicius Souza,Tarde,5,4.8,6.9,6.0
aluno_234,Gabriel Rodrigues,Manhã,5,2.9,2.7,1.9
aluno_235,Ana Pereira,Manhã,4,1.2,5.3,9.2
aluno_236,Lucas Rodrigues,Noite,1,7.0,3.4,9.7
aluno_237,Mariana Almeida,Tarde,4,2.5,0.6,7.3
aluno_238,Tatiane Rodrigues,Manhã,4,3.8,6.1,6.6
aluno_239,Mariana Almeida,Manhã,5,4.7,1.3,9.6
aluno_240,Igor Nascimento,Noite,4,2.8,5.5,0.9
aluno_241,Tatiane Souza,Tarde,5,1.4,9.0,7.6
aluno_242,Juliana Souza,Tarde,2,6.0,9.6,7.0
aluno_243,Bruno Rodrigues,Tarde,1,9.5,9.3,8.9
aluno_244,Yasmin Costa,Tarde,5,4.9,3.2,2.1
aluno_245,Tatiane Rodrigues,Noite,4,9.6,9.3,6.9
aluno_246,Fernanda Santos,Manhã,2,3.1,3.6,8.5
aluno_247,Ana Almeida,Tarde,1,3.3,6.1,6.7
aluno_248,Yasmin Nascimento,Noite,2,9.8,1.2,1.6
aluno_249,Carlos Nascimento,Noite,3,4.1,0.4,6.2
aluno_250,Mariana Costa,Noite,3,9.4,2.4,3.4
aluno_251,Ana Nascimento,Manhã,3,0.7,4.7,9.5
aluno_252,Yasmin Costa,Tarde,1,6.0,2.5,1.5
aluno_253,Daniela Pereira,Manhã,2,5.3,6.3,9.2
aluno_254,Olivia Nascimento,Noite,1,1.1,6.8,8.7
aluno_255,Paulo Lima,Manhã,3,3.6,3.8,5.3
aluno_256,Helena Oliveira,Manhã,1,7.1,2.9,9.9
aluno_257,Carlos Nascimento,Manhã,3,9.3,5.4,6.1
aluno_258,Nicolas Lima,Manhã,2,8.1,9.3,8.5
aluno_259,Paulo Lima,Manhã,5,2.7,4.4,7.8
aluno_260,Igor Santos,Tarde,2,7.0,1.9,5.4
aluno_261,Paulo Almeida,Manhã,1,5.4,4.8,4.8
aluno_262,Mariana Costa,Manhã,2,5.7,0.3,2.0
aluno_263,Tatiane Santos,Tarde,3,2.6,2.7,2.1
aluno_264,Paulo Oliveira,Noite,3,1.4,4.3,5.4
aluno_265,Mariana Nascimento,Noite,3,5.9,7.3,0.8
aluno_266,Vinicius Nascimento,Manhã,2,3.2,0.1,2.2
aluno_267,Fernanda Silva,Noite,4,7.0,5.1,6.4
aluno_268,Ana Nascimento,Noite,3,7.5,5.0,2.5
aluno_269,Vinicius Costa,Manhã,5,3.7,1.9,9.3
aluno_270,Lucas Lima,Tarde,2,8.6,8.6,7.5
aluno_271,Paulo Oliveira,Manhã,2,7.5,5.2,7.2
aluno_272,Samuel Pereira,Manhã,2,9.6,9.3,4.3
aluno_273,Gabriel Souza,Manhã,1,6.7,4.1,6.3
aluno_274,Helena Rodrigues,Manhã,5,5.3,4.4,5.9
aluno_275,Vinicius Lima,Manhã,2,4.6,4.9,4.9
aluno_276,Daniela Silva,Manhã,2,0.7,8.8,4.8
aluno_277,Carlos Lima,Manhã,5,5.8,9.3,3.2
aluno_278,Gabriel Nascimento,Noite,2,3.5,1.1,4.6
aluno_279,Helena Pereira,Noite,2,2.6,0.3,5.8
aluno_280,Daniela Rodrigues,Manhã,3,5.4,8.9,4.7
aluno_281,Ana Santos,Noite,2,5.6,0.3,5.6
aluno_282,Juliana Santos,Noite,4,8.3,8.6,4.4
aluno_283,Yasmin Costa,Noite,1,3.1,7.4,7.2
aluno_284,Mariana Lima,Noite,2,8.8,8.4,0.5
aluno_285,Tatiane Santos,Noite,2,7.5,5.4,8.2
aluno_286,Mariana Santos,Noite,1,2.8,8.2,6.1
aluno_287,Igor Santos,Manhã,4,9.8,3.7,7.6
aluno_288,Renata Santos,Noite,5,5.8,5.0,0.3
aluno_289,Lucas Rodrigues,Tarde,4,4.2,0.9,3.0
aluno_290,Nicolas Nascimento,Manhã,3,2.0,4.0,4.5
aluno_291,Renata Almeida,Manhã,5,3.5,3.1,5.0
aluno_292,Lucas Oliveira,Manhã,3,1.5,3.2,9.3
aluno_293,Paulo Lima,Tarde,2,4.4,5.5,3.5
aluno_294,Bruno Pereira,Manhã,1,8.7,8.0,9.9
aluno_295,Gabriel Almeida,Noite,3,2.4,7.0,2.8
aluno_296,Igor Lima,Manhã,4,5.9,10.0,0.3
aluno_297,Vinicius Oliveira,Tarde,3,8.2,6.0,8.1
aluno_298,Carlos Costa,Noite,5,1.6,5.6,1.2
aluno_299,Bruno Almeida,Tarde,3,6.1,1.1,4.7
aluno_300,Lucas Nascimento,Tarde,1,3.9,0.3,9.7
aluno_301,Paulo Lima,Manhã,1,5.9,6.5,5.9
aluno_302,Tatiane Nascimento,Noite,4,5.0,2.2,4.8
aluno_303,Bruno Almeida,Manhã,4,2.1,0.9,5.4
aluno_304,Ana Pereira,Tarde,3,6.6,5.0,9.8
aluno_305,Carlos Lima,Noite,1,0.7,0.0,1.8
aluno_306,Eduardo Souza,Noite,1,9.6,0.3,1.9
aluno_307,Olivia Almeida,Manhã,1,7.7,4.6,3.7
aluno_308,Paulo Lima,Manhã,5,9.2,3.1,10.0
aluno_309,Carlos Silva,Manhã,1,3.9,5.6,4.6
aluno_310,Vinicius Lima,Noite,3,4.4,9.8,1.3
aluno_311,Renata Silva,Tarde,1,1.8,9.3,6.0
aluno_312,Eduardo Santos,Noite,2,7.1,8.9,8.6
aluno_313,Samuel Pereira,Tarde,1,4.5,7.6,7.6
aluno_314,Mariana Silva,Manhã,4,6.8,4.0,4.6
aluno_315,Igor Pereira,Manhã,2,6.8,7.8,4.0
aluno_316,Olivia Pereira,Manhã,4,9.0,0.6,0.5
aluno_317,Bruno Nascimento,Manhã,1,6.0,3.1,9.0
aluno_318,Fernanda Costa,Tarde,1,8.2,1.6,4.4
aluno_319,Paulo Santos,Manhã,2,4.0,1.2,9.4
aluno_320,Carlos Silva,Tarde,1,9.7,4.6,5.5
aluno_321,Daniela Santos,Noite,3,8.5,1.3,8.0
aluno_322,Fernanda Santos,Tarde,3,3.1,5.6,1.7
aluno_323,Helena Rodrigues,Noite,1,5.0,8.8,4.6
aluno_324,Gabriel Pereira,Tarde,2,3.8,3.8,9.5
aluno_325,Nicolas Rodrigues,Tarde,2,9.3,2.6,6.1
aluno_326,Gabriel Lima,Noite,2,1.4,8.9,5.3
aluno_327,Gabriel Nascimento,Manhã,1,0.6,0.5,7.1
aluno_328,Yasmin Pereira,Noite,3,8.7,8.9,1.6
aluno_329,Helena Rodrigues,Manhã,2,4.1,8.4,1.0
aluno_330,Daniela Lima,Noite,3,8.3,0.1,7.8
aluno_331,Daniela Almeida,Manhã,3,2.4,8.1,4.6
aluno_332,Gabriel Costa,Noite,1,4.1,3.3,3.6
aluno_333,Juliana Nascimento,Noite,5,1.7,5.5,5.7
aluno_334,Tatiane Almeida,Tarde,4,6.4,3.9,2.2
aluno_335,Mariana Rodrigues,Noite,5,1.9,6.5,6.1
aluno_336,Eduardo Souza,Tarde,1,2.0,6.6,9.0
aluno_337,Ana Souza,Tarde,1,0.2,2.8,8.6
aluno_338,Vinicius Nascimento,Tarde,3,2.6,9.5,1.2
aluno_339,Samuel Souza,Noite,2,7.0,2.3,0.8
aluno_340,Carlos Santos,Tarde,3,3.0,4.1,9.5
aluno_341,Gabriel Costa,Noite,4,1.5,4.1,2.0
aluno_342,Ana Souza,Noite,5,7.0,7.3,6.6
aluno_343,Mariana Oliveira,Manhã,1,5.4,8.8,9.2
aluno_344,Igor Costa,Tarde,5,1.1,7.4,3.7
aluno_345,Tatiane Lima,Manhã,2,2.8,2.2,6.1
aluno_346,Gabriel Costa,Noite,5,5.8,4.5,9.9
aluno_347,Tatiane Rodrigues,Noite,2,2.9,4.2,4.6
aluno_348,Olivia Lima,Tarde,4,3.2,6.4,2.2
aluno_349,Fernanda Silva,Noite,3,2.3,0.9,7.0
aluno_350,Eduardo Pereira,Noite,1,5.5,1.5,3.4
aluno_351,Igor Lima,Tarde,3,2.6,2.4,6.5
aluno_352,Carlos Souza,Manhã,3,4.9,1.6,4.3
aluno_353,Renata Silva,Manhã,5,0.6,9.2,2.7
aluno_354,Helena Lima,Manhã,3,9.0,1.3,0.5
aluno_355,Mariana Costa,Manhã,4,7.4,3.4,9.2
aluno_356,Paulo Oliveira,Manhã,4,4.3,6.3,4.5
aluno_357,Ana Silva,Tarde,3,3.4,6.0,6.0
aluno_358,Nicolas Pereira,Manhã,2,3.7,7.4,7.3
aluno_359,Ana Almeida,Tarde,4,5.0,8.2,4.7
aluno_360,Eduardo Souza,Manhã,4,5.3,8.4,4.9
aluno_361,Bruno Rodrigues,Noite,3,0.2,0.2,8.6
aluno_362,Bruno Rodrigues,Noite,5,4.1,2.2,9.3
aluno_363,Daniela Costa,Manhã,1,8.2,9.0,1.6
aluno_364,Eduardo Costa,Manhã,2,7.2,8.1,5.2
aluno_365,Paulo Santos,Tarde,2,1.4,1.7,4.5
aluno_366,Bruno Costa,Noite,4,2.6,5.4,0.0
aluno_367,Tatiane Oliveira,Noite,4,1.7,4.0,5.3
aluno_368,Yasmin Costa,Noite,3,5.2,8.6,1.4
aluno_369,Igor Souza,Noite,3,3.1,1.0,8.9
aluno_370,Paulo Lima,Manhã,5,4.6,8.3,2.7
aluno_371,Juliana Lima,Tarde,2,4.3,3.5,2.8
aluno_372,Tatiane Santos,Noite,4,3.1,3.3,9.3
aluno_373,Bruno Oliveira,Noite,3,3.1,7.5,6.8
aluno_374,Helena Nascimento,Noite,2,0.4,9.8,5.5
aluno_375,Ana Santos,Manhã,1,9.4,6.3,7.3
aluno_376,Daniela Silva,Noite,1,0.7,7.2,7.0
aluno_377,Gabriel Lima,Noite,3,2.9,5.8,2.8
aluno_378,Paulo Oliveira,Manhã,2,7.2,1.8,6.7
aluno_379,Renata Almeida,Noite,2,6.7,9.4,8.0
aluno_380,Fernanda Nascimento,Tarde,2,8.5,6.8,8.3
aluno_381,Helena Silva,Noite,3,5.8,2.4,10.0
aluno_382,Olivia Lima,Manhã,1,5.3,1.0,2.7
aluno_383,Bruno Lima,Noite,1,5.5,1.4,6.9
aluno_384,Daniela Pereira,Noite,2,6.9,4.5,1.2
aluno_385,Olivia Pereira,Manhã,5,5.7,8.0,1.7
aluno_386,Samuel Oliveira,Manhã,2,4.2,5.1,9.0
aluno_387,Carlos Nascimento,Tarde,3,8.0,6.5,3.5
aluno_388,Bruno Almeida,Tarde,4,3.0,6.3,1.8
aluno_389,Nicolas Lima,Manhã,3,8.1,9.8,8.2
aluno_390,Igor Almeida,Noite,5,9.1,0.7,1.0
aluno_391,Tatiane Silva,Noite,2,4.1,8.4,8.0
aluno_392,Renata Lima,Noite,4,7.8,0.1,8.7
aluno_393,Vinicius Pereira,Noite,5,4.2,9.0,9.2
aluno_394,Paulo Silva,Noite,1,1.7,3.2,8.3
aluno_395,Fernanda Silva,Manhã,2,6.6,4.7,5.7
aluno_396,Vinicius Santos,Tarde,3,6.4,4.6,0.2
aluno_397,Igor Lima,Tarde,4,4.3,5.1,4.3
aluno_398,Daniela Silva,Manhã,1,7.4,5.8,5.4
aluno_399,Ana Silva,Noite,1,3.1,5.4,9.2
aluno_400,Olivia Pereira,Tarde,3,7.5,6.0,0.7
aluno_401,Samuel Pereira,Tarde,2,1.3,6.4,8.3
aluno_402,Nicolas Pereira,Tarde,1,3.0,8.5,3.5
aluno_403,Igor Silva,Manhã,5,6.0,2.3,5.1
aluno_404,Gabriel Nascimento,Noite,3,2.1,4.9,1.9
aluno_405,Carlos Santos,Tarde,4,7.1,1.4,4.2
aluno_406,Juliana Nascimento,Manhã,4,2.0,5.9,6.7
aluno_407,Olivia Almeida,Manhã,3,0.9,0.3,2.3
aluno_408,Fernanda Costa,Noite,1,2.1,7.8,2.9
aluno_409,Olivia Santos,Tarde,2,4.6,5.8,7.7
aluno_410,Olivia Souza,Noite,3,7.1,8.6,8.9
aluno_411,Daniela Nascimento,Manhã,1,8.3,2.6,8.5
aluno_412,Juliana Lima,Tarde,3,8.7,4.5,7.5
aluno_413,Vinicius Oliveira,Tarde,2,4.0,9.5,4.2
aluno_414,Mariana Lima,Noite,4,1.4,9.0,9.2
aluno_415,Renata Souza,Noite,5,5.4,8.5,7.4
aluno_416,Daniela Nascimento,Noite,2,3.1,7.3,2.3
aluno_417,Daniela Costa,Noite,2,9.9,6.4,6.5
aluno_418,Yasmin Costa,Manhã,1,2.0,4.0,0.8
aluno_419,Juliana Pereira,Tarde,3,1.3,7.8,8.3
aluno_420,Igor Souza,Manhã,3,7.4,2.4,8.8
aluno_421,Igor Oliveira,Noite,3,4.6,0.9,7.4
aluno_422,Daniela Costa,Tarde,2,5.8,9.8,5.7
aluno_423,Renata Almeida,Tarde,4,5.2,8.2,0.3
aluno_424,Helena Costa,Noite,5,8.0,7.0,9.3
aluno_425,Nicolas Almeida,Manhã,3,4.1,7.4,4.1
aluno_426,Carlos Santos,Tarde,5,7.8,4.7,9.4
aluno_427,Samuel Almeida,Tarde,4,3.6,2.6,8.9
aluno_428,Tatiane Santos,Manhã,3,8.5,8.6,8.2
aluno_429,Tatiane Nascimento,Manhã,5,0.0,7.0,4.8
aluno_430,Olivia Pereira,Tarde,3,6.2,3.2,8.9
aluno_431,Fernanda Silva,Noite,5,7.9,5.3,4.5
aluno_432,Tatiane Almeida,Noite,5,1.0,9.1,6.4
aluno_433,Tatiane Pereira,Tarde,3,6.5,9.6,2.7
aluno_434,Helena Lima,Noite,2,9.9,3.5,2.2
aluno_435,Yasmin Lima,Noite,4,5.5,6.4,6.5
aluno_436,Bruno Silva,Tarde,5,3.3,6.1,6.0
aluno_437,Tatiane Rodrigues,Noite,1,4.2,2.6,2.2
aluno_438,Ana Nascimento,Tarde,5,8.9,1.2,7.7
aluno_439,Paulo Oliveira,Noite,5,4.1,0.8,8.7
aluno_440,Renata Pereira,Noite,3,3.2,8.3,2.7
aluno_441,Lucas Oliveira,Tarde,3,5.6,2.2,2.6
aluno_442,Helena Costa,Manhã,4,5.8,4.9,1.9
aluno_443,Ana Almeida,Noite,4,5.2,3.4,5.6
aluno_444,Helena Lima,Tarde,2,1.0,2.0,1.3
aluno_445,Samuel Lima,Manhã,1,1.5,7.1,4.9
aluno_446,Renata Nascimento,Manhã,1,3.5,6.5,7.1
aluno_447,Mariana Oliveira,Manhã,5,6.9,0.7,7.9
aluno_448,Yasmin Santos,Manhã,1,4.5,8.4,0.7
aluno_449,Lucas Santos,Tarde,2,2.3,9.4,3.0
aluno_450,Juliana Souza,Manhã,2,6.0,4.1,4.8
aluno_451,Nicolas Almeida,Tarde,1,8.4,1.6,8.8
aluno_452,Tatiane Lima,Manhã,5,0.3,4.1,2.2
aluno_453,Olivia Pereira,Manhã,4,7.7,6.9,4.8
aluno_454,Paulo Santos,Noite,2,8.2,9.0,5.7
aluno_455,Daniela Costa,Noite,5,8.1,0.6,6.6
aluno_456,Yasmin Lima,Manhã,1,4.9,9.9,1.3
aluno_457,Carlos Costa,Noite,5,1.7,7.5,0.5
aluno_458,Vinicius Souza,Tarde,4,4.0,0.8,9.5
aluno_459,Mariana Almeida,Noite,2,0.2,1.1,5.2
aluno_460,Olivia Costa,Tarde,5,4.8,5.6,0.9
aluno_461,Mariana Costa,Noite,5,5.9,5.1,4.9
aluno_462,Yasmin Santos,Tarde,1,3.4,0.6,2.8
aluno_463,Samuel Pereira,Tarde,5,7.6,6.5,0.7
aluno_464,Carlos Silva,Manhã,3,6.2,8.1,5.6
aluno_465,Nicolas Costa,Noite,5,6.9,8.8,5.4
aluno_466,Eduardo Souza,Noite,2,9.0,6.4,2.1
aluno_467,Fernanda Nascimento,Noite,3,6.8,1.3,3.8
aluno_468,Tatiane Oliveira,Tarde,1,2.5,6.3,6.7
aluno_469,Igor Pereira,Noite,4,1.9,7.1,5.8
aluno_470,Mariana Oliveira,Noite,5,9.3,4.5,8.1
aluno_471,Daniela Lima,Manhã,5,3.2,1.5,9.1
aluno_472,Samuel Almeida,Noite,1,3.4,1.7,1.6
aluno_473,Igor Santos,Manhã,4,9.3,6.5,4.7
aluno_474,Samuel Oliveira,Noite,4,8.7,0.4,8.0
aluno_475,Bruno Lima,Tarde,2,1.3,6.1,6.0
aluno_476,Daniela Rodrigues,Tarde,2,2.9,9.7,1.3
aluno_477,Renata Santos,Noite,2,5.7,0.7,1.7
aluno_478,Samuel Almeida,Noite,2,4.7,8.2,6.3
aluno_479,Yasmin Costa,Manhã,3,2.9,1.5,3.7
aluno_480,Vinicius Silva,Noite,3,0.3,7.2,7.7
aluno_481,Gabriel Almeida,Manhã,4,0.3,7.3,0.3
aluno_482,Olivia Lima,Noite,1,3.5,8.1,5.4
aluno_483,Lucas Pereira,Manhã,3,0.1,2.0,3.5
aluno_484,Carlos Souza,Noite,5,6.9,0.0,8.0
aluno_485,Juliana Almeida,Tarde,5,3.6,7.3,6.5
aluno_486,Helena Lima,Tarde,1,9.2,9.6,9.9
aluno_487,Olivia Santos,Tarde,3,4.4,5.8,0.9
aluno_488,Juliana Nascimento,Tarde,5,5.2,9.0,3.3
aluno_489,Carlos Silva,Manhã,1,9.2,3.8,2.4
aluno_490,Lucas Oliveira,Tarde,2,1.8,0.7,7.3
aluno_491,Samuel Pereira,Tarde,1,7.2,0.4,4.5
aluno_492,Tatiane Silva,Manhã,3,5.4,4.3,2.9
aluno_493,Yasmin Almeida,Tarde,2,4.0,2.5,9.5
aluno_494,Gabriel Souza,Manhã,4,5.0,0.2,2.0
aluno_495,Yasmin Nascimento,Manhã,4,7.5,6.7,6.6
aluno_496,Igor Almeida,Noite,5,2.2,1.6,4.0
aluno_497,Vinicius Santos,Tarde,3,8.5,10.0,5.0
aluno_498,Vinicius Oliveira,Tarde,4,0.6,1.6,2.8
aluno_499,Igor Santos,Manhã,1,7.4,6.4,3.0
aluno_500,Vinicius Rodrigues,Tarde,3,0.3,3.8,0.0
aluno_501,Carlos Souza,Manhã,2,2.3,4.9,3.1
aluno_502,Fernanda Silva,Tarde,3,7.3,1.8,7.2
aluno_503,Renata Oliveira,Manhã,5,6.3,9.2,6.6
aluno_504,Daniela Santos,Tarde,4,7.7,6.0,1.7
aluno_505,Tatiane Silva,Manhã,2,9.3,8.1,5.3
aluno_506,Bruno Pereira,Tarde,5,1.6,8.4,7.0
aluno_507,Nicolas Silva,Manhã,4,4.1,8.7,5.8
aluno_508,Nicolas Costa,Tarde,2,9.1,2.8,8.7
aluno_509,Helena Oliveira,Manhã,3,2.6,7.2,3.4
aluno_510,Bruno Pereira,Noite,4,1.8,8.4,9.2
aluno_511,Olivia Oliveira,Noite,3,5.1,8.0,3.0
aluno_512,Eduardo Nascimento,Manhã,3,1.4,3.4,9.6
aluno_513,Lucas Pereira,Tarde,4,4.7,4.0,6.6
aluno_514,Igor Lima,Tarde,2,6.7,5.5,1.6
aluno_515,Igor Nascimento,Tarde,3,6.2,7.2,0.9
aluno_516,Helena Souza,Manhã,4,2.7,9.5,9.9
aluno_517,Carlos Lima,Manhã,4,5.0,7.0,0.9
aluno_518,Vinicius Lima,Noite,2,0.5,7.0,3.2
aluno_519,Gabriel Rodrigues,Manhã,4,7.2,5.7,6.7
aluno_520,Tatiane Santos,Manhã,3,9.3,8.2,9.3
aluno_521,Juliana Oliveira,Manhã,3,6.7,2.4,5.0
aluno_522,Helena Souza,Noite,1,2.7,8.8,6.3
aluno_523,Gabriel Rodrigues,Manhã,1,1.6,8.4,0.7
aluno_524,Mariana Lima,Noite,3,0.4,2.8,7.8
aluno_525,Juliana Nascimento,Noite,2,2.9,5.6,2.2
aluno_526,Bruno Lima,Tarde,3,8.4,2.2,0.0
aluno_527,Juliana Lima,Manhã,3,2.2,5.9,3.6
aluno_528,Nicolas Almeida,Noite,3,3.8,6.0,3.3
aluno_529,Fernanda Silva,Manhã,3,0.8,5.9,7.9
aluno_530,Olivia Rodrigues,Manhã,3,4.6,7.7,2.4
aluno_531,Bruno Lima,Tarde,4,7.1,2.3,6.8
aluno_532,Juliana Rodrigues,Noite,4,4.7,4.3,3.5
aluno_533,Lucas Nascimento,Noite,4,3.2,3.9,5.0
aluno_534,Lucas Santos,Noite,4,4.5,2.3,0.9
aluno_535,Vinicius Silva,Tarde,5,3.5,9.7,3.7
aluno_536,Carlos Santos,Noite,4,7.8,6.6,3.9
aluno_537,Nicolas Lima,Manhã,2,8.2,9.3,7.5
aluno_538,Fernanda Santos,Noite,5,5.2,3.8,8.6
aluno_539,Igor Almeida,Noite,3,9.0,0.3,7.7
aluno_540,Gabriel Nascimento,Tarde,4,5.1,4.8,9.8
aluno_541,Lucas Nascimento,Noite,5,4.4,1.2,2.3
aluno_542,Ana Lima,Manhã,4,8.7,7.7,2.1
aluno_543,Carlos Pereira,Tarde,1,9.9,2.9,5.7
aluno_544,Bruno Almeida,Noite,4,8.7,6.3,8.5
aluno_545,Juliana Pereira,Tarde,4,2.3,0.6,1.7
aluno_546,Paulo Nascimento,Manhã,5,1.7,5.4,8.5
aluno_547,Olivia Costa,Noite,1,4.5,1.9,5.9
aluno_548,Juliana Nascimento,Noite,1,1.2,9.4,2.4
aluno_549,Helena Oliveira,Noite,5,8.7,4.7,6.5
aluno_550,Daniela Nascimento,Noite,3,1.3,0.3,6.1
aluno_551,Yasmin Lima,Tarde,3,3.8,5.1,9.0
aluno_552,Paulo Silva,Tarde,2,8.6,4.9,1.4
aluno_553,Eduardo Pereira,Noite,5,5.3,7.0,0.4
aluno_554,Daniela Souza,Tarde,5,3.5,9.7,7.3
aluno_555,Mariana Souza,Tarde,5,4.0,0.9,8.4
aluno_556,Juliana Rodrigues,Noite,5,8.2,8.6,3.7
aluno_557,Renata Santos,Tarde,2,9.3,6.2,0.8
aluno_558,Bruno Almeida,Manhã,2,6.0,9.6,5.5
aluno_559,Nicolas Oliveira,Manhã,2,1.7,2.9,7.8
aluno_560,Samuel Pereira,Manhã,1,2.5,5.8,2.7
aluno_561,Gabriel Pereira,Noite,1,0.2,3.3,7.2
aluno_562,Nicolas Costa,Tarde,2,7.5,7.4,6.6
aluno_563,Bruno Silva,Manhã,3,7.0,7.8,3.5
aluno_564,Samuel Lima,Noite,2,8.6,6.3,4.6
aluno_565,Yasmin Nascimento,Noite,1,4.0,3.7,6.3
aluno_566,Ana Pereira,Manhã,4,5.3,9.9,8.8
aluno_567,Eduardo Pereira,Tarde,2,7.1,3.0,6.5
aluno_568,Fernanda Nascimento,Tarde,1,4.9,2.6,8.5
aluno_569,Ana Souza,Manhã,4,8.3,5.8,6.7
aluno_570,Juliana Souza,Tarde,2,10.0,2.0,6.0
aluno_571,Fernanda Costa,Tarde,4,5.6,6.2,7.4
aluno_572,Igor Rodrigues,Manhã,4,7.1,2.0,9.6
aluno_573,Eduardo Nascimento,Noite,4,6.4,1.0,8.9
aluno_574,Olivia Silva,Noite,4,9.8,5.8,6.0
aluno_575,Yasmin Souza,Manhã,5,0.1,0.3,3.3
aluno_576,Eduardo Souza,Manhã,1,7.9,5.2,0.7
aluno_577,Carlos Nascimento,Manhã,5,0.2,0.8,8.9
aluno_578,Juliana Pereira,Manhã,3,2.1,4.9,7.7
aluno_579,Renata Lima,Noite,1,5.4,3.5,7.3
aluno_580,Renata Lima,Noite,1,2.4,7.6,6.4
aluno_581,Bruno Pereira,Tarde,4,7.4,4.3,0.8
aluno_582,Mariana Oliveira,Noite,4,6.7,1.2,8.3
aluno_583,Igor Nascimento,Noite,3,9.4,8.1,2.9
aluno_584,Juliana Almeida,Noite,1,8.9,1.7,0.3
aluno_585,Gabriel Nascimento,Noite,1,8.5,7.9,2.3
aluno_586,Paulo Silva,Noite,2,9.2,9.1,5.6
aluno_587,Vinicius Souza,Manhã,1,8.1,8.4,7.2
aluno_588,Lucas Pereira,Noite,3,8.6,3.5,9.7
aluno_589,Eduardo Almeida,Tarde,1,0.9,0.6,8.1
aluno_590,Mariana Pereira,Manhã,5,2.8,3.8,6.1
aluno_591,Gabriel Almeida,Tarde,1,8.3,3.2,5.8
aluno_592,Renata Costa,Tarde,5,9.2,8.3,7.1
aluno_593,Tatiane Almeida,Manhã,4,3.1,5.8,0.6
aluno_594,Daniela Pereira,Tarde,1,7.5,5.8,1.2
aluno_595,Samuel Lima,Noite,5,9.2,3.2,7.4
aluno_596,Tatiane Souza,Manhã,2,3.5,0.2,4.2
aluno_597,Paulo Oliveira,Tarde,2,9.9,2.8,9.1
aluno_598,Mariana Nascimento,Tarde,5,7.0,7.9,3.7
aluno_599,Nicolas Souza,Noite,5,1.0,2.8,1.8
aluno_600,Carlos Santos,Tarde,3,4.3,2.3,1.8
aluno_601,Olivia Costa,Noite,3,9.8,2.8,9.9
aluno_602,Ana Silva,Noite,3,7.4,9.9,7.0
aluno_603,Nicolas Almeida,Tarde,5,1.6,7.1,0.8
aluno_604,Fernanda Souza,Tarde,2,0.9,7.4,4.3
aluno_605,Bruno Pereira,Noite,5,3.5,7.7,2.3
aluno_606,Tatiane Silva,Manhã,2,2.5,4.6,1.8
aluno_607,Eduardo Pereira,Tarde,4,2.4,9.4,2.8
aluno_608,Juliana Pereira,Tarde,4,6.7,6.1,8.5
aluno_609,Nicolas Souza,Manhã,3,0.4,5.5,5.8
aluno_610,Bruno Lima,Manhã,2,2.9,9.2,6.1
aluno_611,Yasmin Pereira,Noite,4,1.1,3.9,1.9
aluno_612,Helena Oliveira,Tarde,2,3.0,2.1,7.7
aluno_613,Gabriel Almeida,Manhã,4,5.6,1.7,6.7
aluno_614,Yasmin Lima,Tarde,3,2.6,1.1,7.6
aluno_615,Olivia Almeida,Manhã,2,5.1,2.2,9.3
aluno_616,Paulo Costa,Noite,4,9.4,7.3,0.4
aluno_617,Bruno Costa,Noite,2,8.8,0.5,0.2
aluno_618,Mariana Nascimento,Tarde,5,2.5,5.1,10.0
aluno_619,Tatiane Silva,Noite,1,9.2,3.6,0.7
aluno_620,Renata Pereira,Noite,5,7.7,9.5,9.3
aluno_621,Bruno Almeida,Noite,1,5.0,5.2,0.6
aluno_622,Eduardo Souza,Manhã,4,2.8,7.4,2.2
aluno_623,Daniela Rodrigues,Tarde,1,1.9,7.0,2.2
aluno_624,Bruno Oliveira,Tarde,3,7.6,3.5,8.9
aluno_625,Samuel Nascimento,Manhã,5,7.8,8.6,0.0
aluno_626,Paulo Oliveira,Manhã,4,4.7,7.2,1.4
aluno_627,Yasmin Santos,Tarde,2,7.9,6.5,4.9
aluno_628,Yasmin Rodrigues,Tarde,3,5.1,4.1,7.1
aluno_629,Ana Rodrigues,Tarde,3,2.3,2.3,3.6
aluno_630,Renata Santos,Tarde,4,4.0,5.2,4.4
aluno_631,Nicolas Oliveira,Noite,4,9.9,4.7,9.7
aluno_632,Fernanda Almeida,Manhã,4,6.7,0.9,2.2
aluno_633,Yasmin Oliveira,Manhã,3,7.6,6.7,8.5
aluno_634,Fernanda Almeida,Tarde,4,2.7,3.7,8.1
aluno_635,Yasmin Souza,Manhã,4,1.5,8.6,9.5
aluno_636,Vinicius Costa,Noite,3,8.5,7.3,6.2
aluno_637,Mariana Nascimento,Noite,5,9.1,9.8,7.2
aluno_638,Renata Rodrigues,Tarde,1,4.8,6.2,2.8
aluno_639,Yasmin Souza,Manhã,1,8.4,9.1,7.2
aluno_640,Mariana Almeida,Tarde,1,1.9,0.1,4.4
aluno_641,Carlos Pereira,Noite,2,1.2,0.0,6.9
aluno_642,Samuel Silva,Tarde,5,3.5,7.1,9.2
aluno_643,Fernanda Souza,Tarde,4,2.0,3.3,5.9
aluno_644,Bruno Oliveira,Manhã,2,9.3,8.8,5.7
aluno_645,Olivia Costa,Manhã,5,9.5,6.8,1.6
aluno_646,Bruno Almeida,Tarde,2,4.2,3.5,7.4
aluno_647,Ana Santos,Tarde,2,0.7,5.1,3.0
aluno_648,Samuel Pereira,Manhã,5,9.2,1.7,8.9
aluno_649,Carlos Lima,Manhã,3,1.1,9.0,6.0
aluno_650,Mariana Oliveira,Noite,3,5.0,4.0,0.9
aluno_651,Gabriel Almeida,Manhã,4,5.4,1.2,7.4
aluno_652,Vinicius Nascimento,Manhã,5,9.9,3.4,3.0
aluno_653,Nicolas Nascimento,Tarde,2,9.7,4.6,7.3
aluno_654,Helena Lima,Noite,5,1.7,0.4,3.0
aluno_655,Samuel Santos,Noite,1,4.5,9.2,0.4
aluno_656,Lucas Souza,Manhã,1,5.8,9.5,7.9
aluno_657,Vinicius Pereira,Manhã,1,0.3,3.1,0.3
aluno_658,Gabriel Oliveira,Tarde,1,7.3,4.1,8.9
aluno_659,Gabriel Pereira,Manhã,2,9.7,9.6,3.3
aluno_660,Yasmin Nascimento,Tarde,2,4.1,6.3,0.8
aluno_661,Mariana Santos,Manhã,1,8.5,8.0,3.0
aluno_662,Fernanda Almeida,Manhã,4,5.4,3.8,2.1
aluno_663,Gabriel Costa,Tarde,5,6.7,6.1,6.8
aluno_664,Eduardo Lima,Tarde,1,4.0,3.1,0.5
aluno_665,Renata Souza,Noite,5,3.6,9.5,5.1
aluno_666,Vinicius Almeida,Tarde,1,8.6,9.4,1.4
aluno_667,Nicolas Souza,Noite,1,1.6,1.5,7.0
aluno_668,Eduardo Pereira,Manhã,5,1.9,9.8,9.3
aluno_669,Bruno Costa,Manhã,1,0.9,6.3,3.6
aluno_670,Olivia Santos,Noite,5,4.0,7.8,9.3
aluno_671,Paulo Santos,Noite,1,6.2,4.1,2.6
aluno_672,Juliana Santos,Tarde,1,2.8,1.4,7.9
aluno_673,Vinicius Oliveira,Manhã,4,9.3,9.7,4.8
aluno_674,Helena Silva,Noite,2,6.4,6.4,7.2
aluno_675,Ana Santos,Tarde,4,0.4,8.0,1.7
aluno_676,Vinicius Nascimento,Noite,4,2.3,6.0,5.7
aluno_677,Carlos Santos,Manhã,2,0.9,9.2,9.7
aluno_678,Daniela Rodrigues,Tarde,5,3.0,0.8,0.6
aluno_679,Tatiane Nascimento,Noite,4,3.8,4.6,6.6
aluno_680,Mariana Lima,Manhã,1,0.3,8.7,1.3
aluno_681,Samuel Santos,Tarde,1,9.9,7.2,7.6
aluno_682,Fernanda Silva,Noite,1,1.2,3.7,0.6
aluno_683,Vinicius Lima,Noite,3,8.9,2.6,9.1
aluno_684,Mariana Silva,Manhã,3,3.4,4.6,4.1
aluno_685,Olivia Lima,Noite,1,0.9,1.9,0.4
aluno_686,Lucas Almeida,Noite,1,4.8,2.2,2.5
aluno_687,Nicolas Nascimento,Noite,3,2.0,7.1,4.3
aluno_688,Samuel Nascimento,Manhã,4,4.9,9.6,7.3
aluno_689,Fernanda Oliveira,Manhã,4,1.8,8.8,8.8
aluno_690,Ana Souza,Tarde,5,8.1,0.5,5.1
aluno_691,Tatiane Rodrigues,Manhã,5,6.6,4.7,9.2
aluno_692,Fernanda Costa,Noite,4,8.3,4.5,3.1
aluno_693,Nicolas Rodrigues,Manhã,2,6.8,5.6,2.7
aluno_694,Nicolas Oliveira,Noite,1,9.7,3.1,2.8
aluno_695,Renata Souza,Tarde,5,1.3,8.3,0.7
aluno_696,Gabriel Costa,Manhã,5,3.3,4.2,5.4
aluno_697,Helena Pereira,Noite,4,6.8,4.8,7.4
aluno_698,Yasmin Pereira,Manhã,1,4.7,5.2,5.0
aluno_699,Olivia Rodrigues,Noite,4,2.1,1.3,8.9
aluno_700,Juliana Silva,Manhã,4,2.5,6.9,4.0
aluno_701,Mariana Santos,Manhã,1,0.9,5.4,10.0
aluno_702,Eduardo Souza,Noite,2,4.7,6.6,3.6
aluno_703,Daniela Costa,Manhã,3,4.6,5.4,9.7
aluno_704,Eduardo Nascimento,Noite,3,5.5,6.1,6.8
aluno_705,Renata Pereira,Manhã,1,5.5,1.3,5.0
aluno_706,Fernanda Souza,Manhã,2,1.7,3.6,6.0
aluno_707,Yasmin Rodrigues,Manhã,2,4.7,6.2,8.7
aluno_708,Olivia Rodrigues,Tarde,1,9.5,10.0,6.5
aluno_709,Fernanda Pereira,Tarde,4,4.2,2.0,7.4
aluno_710,Tatiane Pereira,Manhã,4,8.7,0.7,1.4
aluno_711,Juliana Souza,Noite,4,7.0,9.0,0.9
aluno_712,Olivia Oliveira,Manhã,3,4.1,5.6,6.1
aluno_713,Igor Pereira,Tarde,5,0.7,8.1,0.9
aluno_714,Carlos Costa,Manhã,1,8.7,3.2,3.3
aluno_715,Carlos Oliveira,Manhã,2,4.9,6.6,10.0
aluno_716,Yasmin Santos,Noite,5,6.1,6.3,3.9
aluno_717,Igor Souza,Noite,2,5.2,3.9,7.2
aluno_718,Ana Oliveira,Noite,2,4.7,9.4,8.5
aluno_719,Tatiane Costa,Tarde,5,1.9,1.8,6.6
aluno_720,Carlos Silva,Tarde,4,3.3,1.2,7.2
aluno_721,Nicolas Almeida,Tarde,3,3.6,3.2,7.7
aluno_722,Mariana Silva,Tarde,2,10.0,0.9,2.2
aluno_723,Igor Rodrigues,Noite,3,3.5,5.9,6.3
aluno_724,Olivia Pereira,Manhã,5,1.5,4.3,2.5
aluno_725,Mariana Almeida,Tarde,4,9.2,4.3,4.0
aluno_726,Eduardo Almeida,Manhã,5,7.4,2.8,9.2
aluno_727,Mariana Costa,Tarde,5,3.1,5.7,6.4
aluno_728,Ana Souza,Tarde,1,7.6,7.3,9.8
aluno_729,Yasmin Nascimento,Noite,1,8.3,7.2,7.6
aluno_730,Ana Rodrigues,Tarde,5,9.6,3.0,6.4
aluno_731,Vinicius Souza,Manhã,3,0.9,7.0,9.4
aluno_732,Vinicius Lima,Manhã,2,5.3,4.3,6.2
aluno_733,Samuel Souza,Manhã,3,0.1,3.8,2.4
aluno_734,Gabriel Pereira,Noite,2,9.8,5.8,6.4
aluno_735,Helena Rodrigues,Tarde,5,4.0,7.4,2.7
aluno_736,Yasmin Pereira,Noite,2,1.9,4.0,5.9
aluno_737,Juliana Almeida,Manhã,2,7.0,2.5,6.1
aluno_738,Carlos Santos,Manhã,4,6.8,1.2,5.6
aluno_739,Mariana Pereira,Tarde,2,7.3,2.6,2.6
aluno_740,Carlos Costa,Tarde,2,7.0,2.1,5.9
aluno_741,Eduardo Lima,Tarde,1,3.5,5.1,8.4
aluno_742,Vinicius Souza,Noite,1,7.0,8.6,0.1
aluno_743,Daniela Oliveira,Manhã,4,3.9,0.9,6.0
aluno_744,Carlos Souza,Manhã,1,9.2,0.2,8.5
aluno_745,Nicolas Costa,Tarde,4,8.7,1.1,5.9
aluno_746,Paulo Lima,Manhã,5,3.0,7.1,1.3
aluno_747,Mariana Souza,Tarde,2,3.1,2.2,9.8
aluno_748,Renata Almeida,Manhã,3,2.0,5.0,3.5
aluno_749,Yasmin Pereira,Tarde,1,5.5,1.8,9.8
aluno_750,Samuel Santos,Noite,3,9.3,4.3,3.4
aluno_751,Mariana Nascimento,Manhã,4,4.4,8.5,7.5
aluno_752,Gabriel Almeida,Tarde,5,6.4,0.5,8.4
aluno_753,Yasmin Lima,Tarde,5,3.6,7.6,6.4
aluno_754,Vinicius Nascimento,Tarde,2,2.6,2.5,2.9
aluno_755,Lucas Rodrigues,Tarde,1,1.9,5.9,5.4
aluno_756,Lucas Oliveira,Noite,2,3.0,3.9,4.8
aluno_757,Daniela Silva,Noite,2,1.4,3.6,6.2
aluno_758,Gabriel Santos,Tarde,5,3.4,1.6,2.6
aluno_759,Lucas Oliveira,Tarde,2,7.7,9.5,2.2
aluno_760,Olivia Silva,Tarde,3,7.9,6.3,0.2
aluno_761,Igor Nascimento,Noite,1,2.8,8.3,7.4
aluno_762,Samuel Silva,Noite,5,0.5,8.5,0.7
aluno_763,Igor Silva,Tarde,2,2.2,7.6,9.8
aluno_764,Eduardo Pereira,Noite,3,2.6,6.6,1.4
aluno_765,Daniela Lima,Noite,2,6.9,3.3,5.2
aluno_766,Renata Rodrigues,Manhã,2,8.7,9.8,8.1
aluno_767,Renata Rodrigues,Tarde,2,4.3,5.8,7.0
aluno_768,Fernanda Silva,Tarde,2,5.4,6.6,5.8
aluno_769,Gabriel Silva,Noite,4,0.5,7.2,2.4
aluno_770,Renata Lima,Tarde,5,2.6,5.6,2.6
aluno_771,Olivia Silva,Manhã,3,0.2,2.8,1.2
aluno_772,Yasmin Nascimento,Manhã,5,7.0,9.7,0.0
aluno_773,Samuel Nascimento,Noite,1,4.7,7.2,5.2
aluno_774,Helena Souza,Tarde,1,8.0,3.5,1.7
aluno_775,Carlos Costa,Manhã,3,4.6,8.7,1.7
aluno_776,Yasmin Rodrigues,Manhã,4,1.7,6.0,5.9
aluno_777,Gabriel Silva,Noite,5,2.3,9.7,6.3
aluno_778,Juliana Rodrigues,Noite,2,1.4,7.0,5.4
aluno_779,Vinicius Silva,Tarde,1,4.9,5.9,3.6
aluno_780,Carlos Souza,Manhã,5,2.1,10.0,5.2
aluno_781,Juliana Lima,Tarde,5,0.8,2.6,6.3
aluno_782,Samuel Silva,Tarde,5,3.8,4.3,1.0
aluno_783,Daniela Souza,Noite,2,1.7,8.1,5.8
aluno_784,Fernanda Oliveira,Noite,5,1.9,0.2,5.5
aluno_785,Juliana Silva,Manhã,5,7.9,4.7,2.6
aluno_786,Paulo Almeida,Manhã,4,5.1,6.9,5.8
aluno_787,Vinicius Santos,Noite,4,7.4,6.9,5.6
aluno_788,Gabriel Nascimento,Manhã,5,1.7,7.7,3.0
aluno_789,Helena Souza,Noite,2,4.1,9.2,0.1
aluno_790,Daniela Lima,Noite,4,0.0,1.8,5.5
aluno_791,Juliana Silva,Tarde,3,6.2,2.6,2.6
aluno_792,Helena Pereira,Manhã,2,3.5,8.8,4.7
aluno_793,Daniela Oliveira,Manhã,2,1.6,1.1,8.2
aluno_794,Eduardo Lima,Tarde,4,1.7,6.3,9.7
aluno_795,Bruno Lima,Tarde,5,9.4,6.4,8.2
aluno_796,Fernanda Oliveira,Manhã,3,4.8,5.0,6.1
aluno_797,Gabriel Costa,Noite,4,3.2,2.9,7.5
aluno_798,Paulo Santos,Manhã,2,4.5,0.1,5.6
aluno_799,Nicolas Silva,Manhã,3,1.6,5.0,2.7
aluno_800,Ana Souza,Tarde,5,1.7,0.2,6.0
aluno_801,Lucas Oliveira,Tarde,3,3.4,2.0,6.9
aluno_802,Vinicius Santos,Noite,3,4.1,5.1,9.2
aluno_803,Igor Souza,Manhã,2,5.1,1.3,7.1
aluno_804,Yasmin Lima,Tarde,4,6.3,0.1,6.1
aluno_805,Ana Souza,Manhã,2,0.7,6.2,1.6
aluno_806,Bruno Costa,Tarde,3,9.7,3.3,5.8
aluno_807,Carlos Silva,Manhã,1,2.9,3.4,1.6
aluno_808,Vinicius Silva,Manhã,5,5.2,6.6,1.6
aluno_809,Mariana Santos,Noite,4,3.1,2.2,0.0
aluno_810,Bruno Pereira,Tarde,3,5.4,0.5,7.4
aluno_811,Daniela Rodrigues,Tarde,2,9.2,4.4,2.2
aluno_812,Bruno Rodrigues,Manhã,3,5.4,2.6,1.3
aluno_813,Fernanda Pereira,Manhã,2,1.6,1.3,5.2
aluno_814,Lucas Almeida,Tarde,1,5.4,7.8,4.6
aluno_815,Renata Costa,Noite,1,6.2,7.3,3.9
aluno_816,Juliana Lima,Tarde,2,7.0,7.6,7.9
aluno_817,Carlos Souza,Tarde,5,2.1,9.4,8.5
aluno_818,Mariana Souza,Manhã,2,8.5,2.1,2.6
aluno_819,Lucas Lima,Manhã,3,8.4,6.2,4.5
aluno_820,Gabriel Almeida,Tarde,1,5.3,9.4,9.8
aluno_821,Helena Souza,Tarde,2,7.1,5.6,0.4
aluno_822,Lucas Santos,Noite,4,6.7,1.7,5.6
aluno_823,Olivia Rodrigues,Manhã,4,8.2,8.1,8.3
aluno_824,Renata Souza,Tarde,2,6.2,1.3,5.1
aluno_825,Paulo Almeida,Noite,4,5.1,0.5,7.0
aluno_826,Daniela Almeida,Noite,2,8.4,1.8,7.1
aluno_827,Renata Silva,Manhã,5,3.1,4.1,5.7
aluno_828,Olivia Rodrigues,Manhã,4,7.5,3.4,2.2
aluno_829,Ana Pereira,Tarde,4,7.9,3.2,8.9
aluno_830,Paulo Oliveira,Tarde,1,0.2,0.5,0.3
aluno_831,Paulo Rodrigues,Manhã,2,8.6,0.5,5.0
aluno_832,Vinicius Costa,Manhã,3,3.7,3.9,2.5
aluno_833,Gabriel Lima,Manhã,3,0.9,1.4,1.5
aluno_834,Olivia Nascimento,Noite,1,9.1,1.5,1.5
aluno_835,Lucas Rodrigues,Tarde,2,8.6,3.4,9.3
aluno_836,Helena Almeida,Manhã,4,7.2,5.0,7.9
aluno_837,Daniela Pereira,Manhã,4,4.1,0.3,2.5
aluno_838,Carlos Nascimento,Noite,5,0.0,5.2,9.3
aluno_839,Daniela Nascimento,Noite,4,9.7,5.5,1.6
aluno_840,Gabriel Nascimento,Noite,1,5.8,4.3,4.2
aluno_841,Helena Santos,Noite,5,5.0,2.2,7.9
aluno_842,Yasmin Nascimento,Tarde,3,4.3,0.2,6.8
aluno_843,Olivia Silva,Noite,2,2.3,6.0,9.6
aluno_844,Vinicius Costa,Noite,4,1.0,3.8,9.1
aluno_845,Lucas Almeida,Noite,3,1.6,0.5,2.3
aluno_846,Olivia Oliveira,Manhã,4,3.1,9.4,5.1
aluno_847,Renata Souza,Tarde,3,2.7,9.8,5.1
aluno_848,Tatiane Souza,Tarde,3,0.5,2.1,1.2
aluno_849,Mariana Pereira,Noite,4,7.7,9.2,7.6
aluno_850,Gabriel Rodrigues,Manhã,1,5.6,5.6,8.1
aluno_851,Renata Almeida,Noite,1,4.2,4.5,9.3
aluno_852,Yasmin Santos,Noite,3,7.8,8.8,9.5
aluno_853,Renata Pereira,Noite,2,2.8,5.5,1.8
aluno_854,Carlos Rodrigues,Manhã,3,6.0,1.2,3.3
aluno_855,Fernanda Costa,Tarde,5,2.5,3.4,1.1
aluno_856,Bruno Rodrigues,Tarde,5,4.4,9.0,9.9
aluno_857,Eduardo Silva,Noite,1,9.5,3.5,8.5
aluno_858,Tatiane Rodrigues,Tarde,2,7.8,2.3,9.5
aluno_859,Helena Souza,Manhã,4,3.1,3.7,7.1
aluno_860,Tatiane Costa,Tarde,1,7.8,6.1,6.1
aluno_861,Gabriel Souza,Noite,3,5.5,2.9,5.0
aluno_862,Paulo Silva,Noite,2,1.6,5.8,9.0
aluno_863,Lucas Nascimento,Noite,1,9.4,3.1,8.7
aluno_864,Tatiane Santos,Noite,3,6.3,2.0,1.1
aluno_865,Helena Lima,Noite,3,4.8,1.4,6.5
aluno_866,Nicolas Lima,Tarde,2,6.1,7.3,6.6
aluno_867,Olivia Pereira,Tarde,1,7.7,2.7,6.8
aluno_868,Tatiane Lima,Tarde,3,5.0,0.3,4.9
aluno_869,Nicolas Rodrigues,Tarde,4,1.1,3.7,4.4
aluno_870,Lucas Silva,Manhã,1,4.6,4.4,2.3
aluno_871,Carlos Rodrigues,Tarde,4,9.7,8.6,5.9
aluno_872,Gabriel Oliveira,Tarde,3,6.7,6.9,3.3
aluno_873,Daniela Costa,Tarde,4,4.4,1.8,8.9
aluno_874,Juliana Santos,Noite,3,7.3,2.1,8.0
aluno_875,Vinicius Rodrigues,Tarde,4,2.5,4.3,2.3
aluno_876,Tatiane Pereira,Manhã,5,1.7,6.0,1.3
aluno_877,Tatiane Santos,Noite,3,4.5,6.7,9.0
aluno_878,Lucas Lima,Manhã,5,3.2,8.3,3.9
aluno_879,Helena Lima,Noite,3,9.5,6.8,5.6
aluno_880,Gabriel Pereira,Manhã,5,8.7,0.7,4.7
aluno_881,Samuel Costa,Manhã,4,8.8,0.8,8.7
aluno_882,Yasmin Souza,Manhã,2,9.8,2.0,7.0
aluno_883,Vinicius Pereira,Noite,4,4.7,8.8,6.8
aluno_884,Fernanda Rodrigues,Tarde,1,3.2,7.2,0.7
aluno_885,Ana Costa,Tarde,1,5.5,8.9,7.3
aluno_886,Yasmin Santos,Noite,4,8.4,3.7,7.5
aluno_887,Daniela Lima,Manhã,3,9.9,3.7,2.0
aluno_888,Lucas Oliveira,Manhã,3,4.9,9.2,6.8
aluno_889,Igor Almeida,Noite,4,3.2,2.9,2.2
aluno_890,Tatiane Lima,Manhã,4,4.4,4.2,5.6
aluno_891,Igor Santos,Tarde,2,2.1,0.3,0.0
aluno_892,Yasmin Almeida,Noite,2,0.3,7.3,0.3
aluno_893,Igor Silva,Noite,4,4.9,2.6,8.2
aluno_894,Vinicius Nascimento,Manhã,4,5.9,6.5,5.9
aluno_895,Paulo Souza,Noite,1,1.4,3.1,5.9
aluno_896,Nicolas Costa,Tarde,3,3.8,7.4,2.1
aluno_897,Gabriel Oliveira,Manhã,3,8.1,3.9,8.9
aluno_898,Yasmin Nascimento,Noite,4,4.9,2.8,2.7
aluno_899,Paulo Souza,Tarde,1,5.4,5.2,4.9
aluno_900,Bruno Oliveira,Manhã,2,1.5,3.5,9.2
aluno_901,Fernanda Oliveira,Noite,4,6.8,5.7,0.2
aluno_902,Igor Santos,Noite,5,7.7,6.0,6.8
aluno_903,Paulo Rodrigues,Manhã,2,0.3,4.8,5.5
aluno_904,Juliana Almeida,Noite,2,9.9,10.0,7.0
aluno_905,Eduardo Pereira,Tarde,5,6.9,0.6,1.4
aluno_906,Fernanda Lima,Noite,4,5.0,4.5,1.9
aluno_907,Daniela Pereira,Noite,3,4.3,7.5,1.7
aluno_908,Lucas Nascimento,Tarde,2,3.1,2.0,0.5
aluno_909,Samuel Oliveira,Manhã,4,9.3,5.0,6.7
aluno_910,Vinicius Costa,Noite,2,3.6,5.0,0.5
aluno_911,Carlos Souza,Manhã,2,2.2,6.0,9.3
aluno_912,Nicolas Silva,Tarde,1,4.7,1.4,4.6
aluno_913,Gabriel Souza,Tarde,2,6.9,8.1,1.4
aluno_914,Renata Nascimento,Tarde,4,3.1,0.4,7.0
aluno_915,Helena Souza,Manhã,5,7.5,1.6,9.4
aluno_916,Gabriel Souza,Noite,5,7.0,1.5,7.9
aluno_917,Yasmin Santos,Noite,4,8.4,0.2,5.8
aluno_918,Fernanda Rodrigues,Manhã,1,6.0,4.9,6.4
aluno_919,Paulo Rodrigues,Noite,3,0.1,2.0,5.7
aluno_920,Nicolas Pereira,Noite,3,8.0,6.8,0.9
aluno_921,Eduardo Almeida,Manhã,3,4.6,8.8,9.5
aluno_922,Igor Nascimento,Tarde,5,0.9,6.9,7.6
aluno_923,Fernanda Oliveira,Noite,3,1.5,6.4,1.1
aluno_924,Samuel Silva,Tarde,1,9.1,4.5,2.0
aluno_925,Paulo Lima,Manhã,3,7.8,0.7,4.1
aluno_926,Juliana Souza,Tarde,1,3.8,4.7,4.4
aluno_927,Lucas Costa,Noite,3,2.1,2.8,6.1
aluno_928,Samuel Silva,Manhã,5,2.9,6.6,9.6
aluno_929,Renata Costa,Noite,2,8.7,9.8,4.0
aluno_930,Bruno Rodrigues,Manhã,2,1.1,0.2,2.5
aluno_931,Paulo Lima,Manhã,3,2.2,5.2,5.9
aluno_932,Renata Costa,Tarde,4,4.0,8.1,0.7
aluno_933,Tatiane Lima,Manhã,5,3.6,3.4,4.1
aluno_934,Daniela Rodrigues,Tarde,1,8.4,3.8,0.4
aluno_935,Paulo Silva,Tarde,1,3.0,5.1,5.1
aluno_936,Vinicius Oliveira,Manhã,5,4.1,0.8,2.4
aluno_937,Daniela Lima,Manhã,2,3.0,5.8,7.1
aluno_938,Eduardo Santos,Manhã,1,0.7,5.2,3.0
aluno_939,Paulo Santos,Manhã,2,6.2,0.9,9.8
aluno_940,Juliana Silva,Noite,1,9.3,5.6,1.9
aluno_941,Juliana Rodrigues,Manhã,5,2.6,1.9,0.5
aluno_942,Paulo Rodrigues,Manhã,2,1.5,3.2,8.7
aluno_943,Carlos Santos,Manhã,4,2.5,9.1,7.0
aluno_944,Nicolas Silva,Manhã,5,8.4,4.8,8.0
aluno_945,Olivia Rodrigues,Noite,1,3.0,0.6,4.7
aluno_946,Juliana Souza,Tarde,1,4.3,8.8,9.5
aluno_947,Eduardo Oliveira,Manhã,2,9.1,4.3,0.8
aluno_948,Gabriel Oliveira,Manhã,1,4.0,4.9,4.1
aluno_949,Daniela Pereira,Manhã,5,2.5,3.2,7.8
aluno_950,Nicolas Costa,Tarde,5,8.7,9.7,3.2
aluno_951,Samuel Silva,Noite,4,4.0,8.6,3.6
aluno_952,Juliana Rodrigues,Noite,5,2.0,6.8,9.6
aluno_953,Helena Santos,Noite,1,2.6,7.3,2.6
aluno_954,Fernanda Silva,Manhã,5,5.7,2.8,6.5
aluno_955,Eduardo Oliveira,Manhã,3,5.6,9.1,0.1
aluno_956,Ana Costa,Manhã,5,0.2,5.0,4.2
aluno_957,Lucas Pereira,Manhã,2,7.1,1.1,9.2
aluno_958,Yasmin Almeida,Tarde,3,9.5,2.2,2.3
aluno_959,Daniela Santos,Manhã,5,6.2,6.5,9.7
aluno_960,Eduardo Santos,Manhã,5,0.2,8.5,4.0
aluno_961,Tatiane Oliveira,Noite,2,0.1,4.4,7.2
aluno_962,Yasmin Costa,Manhã,2,3.7,5.5,7.2
aluno_963,Gabriel Nascimento,Tarde,3,4.6,1.8,6.2
aluno_964,Nicolas Silva,Manhã,2,0.9,8.3,8.7
aluno_965,Mariana Rodrigues,Tarde,3,3.1,0.4,9.5
aluno_966,Helena Nascimento,Noite,5,3.6,3.6,5.4
aluno_967,Tatiane Oliveira,Manhã,1,5.9,0.8,0.2
aluno_968,Helena Lima,Manhã,3,3.2,4.3,0.9
aluno_969,Lucas Costa,Tarde,4,9.3,7.8,9.3
aluno_970,Paulo Santos,Manhã,4,1.4,7.9,4.6
aluno_971,Helena Silva,Tarde,1,0.2,4.1,9.9
aluno_972,Helena Almeida,Tarde,2,6.9,7.9,1.9
aluno_973,Samuel Costa,Manhã,2,7.4,3.0,2.8
aluno_974,Carlos Costa,Manhã,4,8.8,4.7,8.0
aluno_975,Igor Silva,Tarde,2,7.5,7.6,2.8
aluno_976,Mariana Silva,Noite,1,0.5,8.7,1.2
aluno_977,Vinicius Nascimento,Noite,2,10.0,0.3,5.4
aluno_978,Ana Silva,Manhã,3,6.1,5.2,0.9
aluno_979,Olivia Almeida,Noite,2,8.5,9.5,8.5
aluno_980,Olivia Santos,Manhã,5,6.7,5.4,5.2
aluno_981,Eduardo Pereira,Noite,2,5.0,9.6,6.7
aluno_982,Samuel Souza,Manhã,5,2.5,9.4,9.2
aluno_983,Helena Rodrigues,Manhã,4,4.9,5.7,9.7
aluno_984,Carlos Almeida,Noite,1,6.7,0.6,3.2
aluno_985,Paulo Pereira,Noite,1,8.3,1.3,1.4
aluno_986,Paulo Santos,Tarde,5,9.9,6.1,8.2
aluno_987,Ana Costa,Noite,2,6.1,1.7,7.4
aluno_988,Carlos Silva,Manhã,5,2.9,9.5,2.4
aluno_989,Eduardo Silva,Tarde,2,5.6,3.4,8.9
aluno_990,Eduardo Almeida,Noite,2,7.2,6.8,4.2
aluno_991,Paulo Rodrigues,Tarde,4,2.8,1.7,3.0
aluno_992,Daniela Pereira,Manhã,2,7.4,6.6,1.0
aluno_993,Igor Pereira,Noite,5,7.2,3.7,5.5
aluno_994,Daniela Nascimento,Tarde,5,8.8,5.6,1.4
aluno_995,Igor Nascimento,Tarde,5,7.4,0.6,9.6
aluno_996,Paulo Almeida,Manhã,2,0.3,5.2,10.0
aluno_997,Carlos Nascimento,Tarde,3,3.0,2.7,9.1
aluno_998,Juliana Costa,Noite,3,3.2,6.6,8.2
aluno_999,Helena Rodrigues,Noite,3,7.9,4.1,7.2
aluno_1000,Eduardo Rodrigues,Noite,2,4.0,6.7,8.2
aluno_1001,Carlos Almeida,Tarde,5,4.8,4.2,3.5
aluno_1002,Juliana Nascimento,Tarde,4,1.4,6.9,2.2
aluno_1003,Ana Nascimento,Tarde,1,3.9,4.8,0.2
aluno_1004,Helena Costa,Noite,2,4.3,1.9,4.1
aluno_1005,Samuel Silva,Noite,2,6.3,7.7,6.8
aluno_1006,Carlos Silva,Tarde,2,3.2,3.9,8.4
aluno_1007,Lucas Oliveira,Tarde,5,5.4,2.0,5.9
aluno_1008,Renata Souza,Manhã,3,4.0,0.9,4.8
aluno_1009,Yasmin Almeida,Manhã,3,9.2,1.6,5.6
aluno_1010,Carlos Costa,Tarde,3,0.2,0.4,9.7
aluno_1011,Eduardo Santos,Manhã,3,1.6,2.2,4.9
aluno_1012,Paulo Nascimento,Noite,4,3.2,8.9,1.1
aluno_1013,Daniela Souza,Noite,5,8.6,8.0,0.7
aluno_1014,Helena Santos,Noite,1,5.8,4.6,3.0
aluno_1015,Olivia Costa,Noite,1,0.1,3.4,2.2
aluno_1016,Yasmin Santos,Noite,4,8.1,6.7,9.3
aluno_1017,Igor Pereira,Manhã,1,6.3,8.1,8.8
aluno_1018,Bruno Silva,Manhã,4,1.7,0.0,2.9
aluno_1019,Carlos Oliveira,Noite,3,6.0,8.5,6.8
aluno_1020,Carlos Souza,Tarde,2,6.3,6.0,5.0
aluno_1021,Samuel Oliveira,Noite,4,9.6,7.6,5.8
aluno_1022,Renata Silva,Noite,2,6.5,9.3,2.1
aluno_1023,Gabriel Souza,Manhã,4,9.7,4.3,2.7
aluno_1024,Fernanda Souza,Manhã,4,8.4,5.2,9.0
aluno_1025,Paulo Souza,Manhã,4,6.2,0.0,5.9
aluno_1026,Eduardo Lima,Tarde,3,5.8,8.1,5.0
aluno_1027,Nicolas Souza,Tarde,2,0.5,5.7,5.4
aluno_1028,Tatiane Lima,Manhã,4,3.2,6.0,5.1
aluno_1029,Ana Lima,Tarde,3,3.2,3.9,3.5
aluno_1030,Carlos Almeida,Manhã,1,8.3,1.9,8.6
aluno_1031,Vinicius Costa,Noite,1,3.0,1.1,3.1
aluno_1032,Renata Nascimento,Noite,5,2.7,3.5,0.9
aluno_1033,Paulo Santos,Manhã,4,5.5,5.4,6.4
aluno_1034,Eduardo Almeida,Manhã,3,0.0,8.5,1.5
aluno_1035,Juliana Lima,Manhã,4,5.7,6.7,1.3
aluno_1036,Eduardo Rodrigues,Tarde,1,8.5,0.5,6.0
aluno_1037,Ana Oliveira,Tarde,2,1.0,4.8,6.7
aluno_1038,Helena Lima,Tarde,2,5.8,9.4,2.6
aluno_1039,Mariana Pereira,Noite,1,1.5,7.0,2.6
aluno_1040,Lucas Souza,Tarde,2,3.8,4.3,6.3
aluno_1041,Carlos Lima,Manhã,2,4.3,9.5,0.9
aluno_1042,Carlos Almeida,Noite,4,2.6,2.1,9.6
aluno_1043,Eduardo Souza,Noite,1,6.5,2.8,3.1
aluno_1044,Tatiane Almeida,Tarde,1,8.8,0.0,3.8
aluno_1045,Gabriel Costa,Noite,2,5.0,4.2,4.8
aluno_1046,Tatiane Souza,Noite,2,0.3,1.7,6.4
aluno_1047,Fernanda Lima,Tarde,4,4.3,1.1,8.7
aluno_1048,Carlos Santos,Manhã,3,1.6,1.3,7.2
aluno_1049,Nicolas Silva,Manhã,5,7.1,3.9,4.9
aluno_1050,Daniela Nascimento,Noite,2,2.4,2.9,8.9
aluno_1051,Paulo Lima,Tarde,3,7.8,6.2,2.4
aluno_1052,Ana Silva,Tarde,1,4.3,3.4,1.6
aluno_1053,Bruno Silva,Manhã,3,6.7,2.0,6.4
aluno_1054,Juliana Almeida,Manhã,4,6.7,3.3,3.0
aluno_1055,Vinicius Lima,Tarde,2,2.0,10.0,5.8
aluno_1056,Carlos Nascimento,Manhã,5,3.6,6.0,3.6
aluno_1057,Renata Costa,Noite,4,9.3,7.0,0.5
aluno_1058,Mariana Pereira,Manhã,1,2.1,3.8,3.1
aluno_1059,Tatiane Pereira,Manhã,1,0.7,8.2,4.9
aluno_1060,Mariana Oliveira,Manhã,4,9.7,9.1,9.2
aluno_1061,Daniela Nascimento,Manhã,5,8.3,9.0,2.5
aluno_1062,Samuel Almeida,Tarde,1,6.2,8.5,6.9
aluno_1063,Samuel Pereira,Manhã,4,9.9,2.3,7.7
aluno_1064,Paulo Almeida,Noite,2,9.5,3.4,2.0
aluno_1065,Bruno Oliveira,Tarde,4,3.5,4.3,1.5
aluno_1066,Yasmin Souza,Tarde,5,0.4,4.7,7.3
aluno_1067,Samuel Souza,Tarde,5,3.6,5.7,4.3
aluno_1068,Bruno Nascimento,Noite,5,1.6,1.3,5.2
aluno_1069,Samuel Almeida,Tarde,2,8.6,7.5,2.4
aluno_1070,Renata Oliveira,Manhã,4,4.0,6.4,4.8
aluno_1071,Paulo Pereira,Manhã,1,7.0,4.8,2.0
aluno_1072,Igor Souza,Manhã,1,4.8,7.3,2.7
aluno_1073,Gabriel Santos,Manhã,3,8.7,0.4,8.0
aluno_1074,Yasmin Costa,Noite,5,0.4,5.8,2.4
aluno_1075,Olivia Rodrigues,Noite,1,0.4,3.6,6.8
aluno_1076,Samuel Rodrigues,Noite,1,6.7,6.6,1.5
aluno_1077,Lucas Almeida,Manhã,4,10.0,6.8,1.9
aluno_1078,Juliana Nascimento,Noite,3,5.9,6.6,1.0
aluno_1079,Yasmin Souza,Manhã,2,6.4,1.5,3.8
aluno_1080,Samuel Santos,Tarde,1,3.9,9.7,8.2
aluno_1081,Mariana Rodrigues,Tarde,2,2.7,8.8,0.1
aluno_1082,Igor Pereira,Manhã,5,6.8,6.9,5.0
aluno_1083,Vinicius Oliveira,Noite,5,9.5,3.2,1.3
aluno_1084,Olivia Santos,Tarde,1,3.7,1.2,9.6
aluno_1085,Tatiane Rodrigues,Noite,2,5.7,6.7,9.9
aluno_1086,Paulo Pereira,Manhã,5,3.3,0.6,1.9
aluno_1087,Igor Almeida,Manhã,1,8.2,5.4,2.3
aluno_1088,Fernanda Nascimento,Noite,1,4.4,1.4,8.1
aluno_1089,Nicolas Souza,Tarde,5,2.0,0.8,2.6
aluno_1090,Samuel Nascimento,Tarde,4,3.1,6.2,1.9
aluno_1091,Mariana Pereira,Manhã,3,1.6,5.2,8.0
aluno_1092,Renata Santos,Tarde,4,2.9,1.2,2.9
aluno_1093,Paulo Lima,Tarde,5,8.2,5.4,7.5
aluno_1094,Carlos Pereira,Manhã,2,8.0,7.0,5.9
aluno_1095,Yasmin Souza,Noite,4,7.0,7.6,6.1
aluno_1096,Bruno Silva,Tarde,4,8.3,1.0,6.2
aluno_1097,Helena Pereira,Manhã,4,4.4,0.2,9.4
aluno_1098,Tatiane Pereira,Noite,5,8.4,9.3,0.7
aluno_1099,Juliana Silva,Noite,1,5.9,4.9,9.4
aluno_1100,Bruno Nascimento,Manhã,1,7.2,3.5,1.1
aluno_1101,Samuel Pereira,Tarde,1,4.6,2.5,5.0
aluno_1102,Vinicius Pereira,Manhã,5,6.2,4.3,8.6
aluno_1103,Mariana Silva,Noite,4,9.9,9.4,9.9
aluno_1104,Paulo Lima,Tarde,5,1.7,4.5,0.2
aluno_1105,Igor Oliveira,Tarde,4,3.1,6.4,9.0
aluno_1106,Bruno Lima,Manhã,5,9.6,8.9,3.7
aluno_1107,Daniela Nascimento,Noite,3,6.9,0.7,0.9
aluno_1108,Helena Pereira,Tarde,1,9.6,0.3,1.9
aluno_1109,Juliana Nascimento,Tarde,4,6.7,6.6,0.9
aluno_1110,Mariana Lima,Manhã,2,6.2,8.5,8.6
aluno_1111,Bruno Almeida,Tarde,1,1.4,5.7,2.7
aluno_1112,Nicolas Santos,Tarde,5,2.8,1.0,0.8
aluno_1113,Paulo Nascimento,Noite,1,1.4,7.1,5.9
aluno_1114,Ana Rodrigues,Manhã,2,3.5,1.6,3.8
aluno_1115,Carlos Almeida,Tarde,4,3.4,2.0,0.7
aluno_1116,Samuel Santos,Manhã,5,4.2,0.8,9.5
aluno_1117,Gabriel Nascimento,Noite,3,3.7,7.8,3.8
aluno_1118,Paulo Pereira,Manhã,1,9.4,2.4,4.4
aluno_1119,Olivia Oliveira,Manhã,4,1.2,5.6,3.1
aluno_1120,Tatiane Silva,Noite,3,4.8,3.0,7.8
aluno_1121,Olivia Almeida,Manhã,2,4.6,3.8,4.6
aluno_1122,Nicolas Pereira,Manhã,5,9.1,6.5,9.7
aluno_1123,Fernanda Almeida,Tarde,2,4.0,2.4,1.5
aluno_1124,Mariana Souza,Manhã,1,3.0,3.3,7.5
aluno_1125,Paulo Nascimento,Noite,4,1.3,7.0,0.4
aluno_1126,Fernanda Pereira,Tarde,2,8.2,2.8,4.4
aluno_1127,Paulo Oliveira,Manhã,4,1.4,2.9,4.7
aluno_1128,Yasmin Costa,Tarde,5,7.5,9.6,1.3
aluno_1129,Eduardo Silva,Noite,3,4.1,2.8,1.3
aluno_1130,Gabriel Pereira,Noite,4,2.9,7.0,0.2
aluno_1131,Helena Costa,Tarde,1,1.8,9.9,4.7
aluno_1132,Eduardo Pereira,Manhã,2,2.5,7.4,5.0
aluno_1133,Tatiane Silva,Noite,3,2.3,4.8,2.6
aluno_1134,Fernanda Nascimento,Noite,5,3.5,3.2,2.1
aluno_1135,Nicolas Costa,Noite,2,7.2,1.8,8.3
aluno_1136,Juliana Pereira,Tarde,3,6.4,1.9,7.5
aluno_1137,Bruno Nascimento,Tarde,2,2.4,5.8,9.4
aluno_1138,Gabriel Souza,Manhã,1,3.2,3.1,7.0
aluno_1139,Lucas Souza,Noite,4,6.7,5.9,0.1
aluno_1140,Paulo Costa,Manhã,2,0.7,6.2,7.7
aluno_1141,Carlos Silva,Tarde,1,1.2,8.2,5.0
aluno_1142,Mariana Pereira,Manhã,2,5.5,4.4,2.7
aluno_1143,Igor Rodrigues,Manhã,4,0.4,9.6,0.1
aluno_1144,Tatiane Souza,Manhã,2,5.1,5.6,2.0
aluno_1145,Lucas Oliveira,Manhã,4,4.7,5.8,2.2
aluno_1146,Tatiane Nascimento,Tarde,4,6.9,7.4,0.1
aluno_1147,Vinicius Santos,Noite,4,9.8,4.1,1.6
aluno_1148,Bruno Costa,Manhã,5,3.2,1.8,2.1
aluno_1149,Paulo Souza,Tarde,3,9.6,1.2,4.9
aluno_1150,Carlos Souza,Manhã,1,6.9,9.4,7.8
aluno_1151,Renata Santos,Noite,1,6.5,6.2,9.6
aluno_1152,Daniela Rodrigues,Manhã,1,0.1,3.8,9.6
aluno_1153,Tatiane Santos,Tarde,3,6.5,8.8,1.0
aluno_1154,Bruno Rodrigues,Manhã,1,9.7,8.1,2.4
aluno_1155,Eduardo Santos,Manhã,3,6.6,0.8,6.4
aluno_1156,Lucas Rodrigues,Manhã,4,8.2,2.1,2.6
aluno_1157,Carlos Oliveira,Noite,5,4.9,2.9,0.5
aluno_1158,Mariana Costa,Tarde,2,4.6,4.8,0.0
aluno_1159,Olivia Almeida,Noite,5,0.9,9.6,0.5
aluno_1160,Tatiane Santos,Manhã,4,6.8,1.3,8.1
aluno_1161,Mariana Almeida,Tarde,2,9.3,2.4,0.9
aluno_1162,Samuel Pereira,Noite,3,7.1,1.2,5.4
aluno_1163,Nicolas Costa,Manhã,5,7.6,7.0,2.3
aluno_1164,Daniela Costa,Tarde,3,9.7,7.2,5.5
aluno_1165,Daniela Silva,Manhã,4,0.0,9.7,7.6
aluno_1166,Renata Lima,Noite,2,7.3,2.3,10.0
aluno_1167,Olivia Silva,Manhã,5,8.3,3.3,7.0
aluno_1168,Fernanda Lima,Tarde,1,2.0,9.6,1.5
aluno_1169,Daniela Nascimento,Noite,5,2.9,5.6,7.4
aluno_1170,Daniela Rodrigues,Tarde,5,2.4,0.8,8.1
aluno_1171,Samuel Souza,Manhã,1,5.6,9.7,9.5
aluno_1172,Carlos Lima,Manhã,5,3.2,5.9,5.1
aluno_1173,Samuel Costa,Tarde,5,0.7,4.4,7.5
aluno_1174,Bruno Lima,Tarde,5,0.7,9.4,2.4
aluno_1175,Olivia Silva,Tarde,5,9.5,2.0,9.8
aluno_1176,Bruno Rodrigues,Manhã,5,7.7,5.1,6.4
aluno_1177,Igor Oliveira,Noite,1,1.2,9.0,8.7
aluno_1178,Nicolas Almeida,Noite,5,9.5,7.1,5.2
aluno_1179,Ana Nascimento,Manhã,3,6.5,7.7,7.7
aluno_1180,Samuel Oliveira,Tarde,3,7.9,8.5,7.1
aluno_1181,Paulo Souza,Manhã,3,9.8,8.0,7.5
aluno_1182,Mariana Lima,Noite,2,1.9,9.3,7.2
aluno_1183,Lucas Costa,Tarde,3,0.8,0.2,6.4
aluno_1184,Nicolas Almeida,Manhã,5,2.0,1.2,1.9
aluno_1185,Ana Silva,Noite,4,0.2,0.8,1.8
aluno_1186,Tatiane Rodrigues,Manhã,5,2.8,1.7,0.3
aluno_1187,Vinicius Pereira,Noite,1,7.2,0.4,6.6
aluno_1188,Tatiane Oliveira,Tarde,2,6.1,7.8,2.1
aluno_1189,Carlos Pereira,Noite,1,6.2,8.4,2.3
aluno_1190,Bruno Souza,Tarde,4,2.2,3.5,3.8
aluno_1191,Helena Lima,Noite,2,2.9,5.6,4.6
aluno_1192,Eduardo Santos,Noite,2,4.6,1.9,5.1
aluno_1193,Lucas Nascimento,Noite,3,8.5,3.5,1.7
aluno_1194,Daniela Nascimento,Noite,1,2.2,5.3,6.2
aluno_1195,Fernanda Nascimento,Noite,5,3.9,6.7,7.1
aluno_1196,Paulo Rodrigues,Tarde,3,8.8,5.9,0.5
aluno_1197,Olivia Lima,Manhã,2,8.8,7.0,0.9
aluno_1198,Lucas Oliveira,Tarde,5,8.2,6.8,7.5
aluno_1199,Vinicius Souza,Noite,5,6.2,2.3,5.5
aluno_1200,Igor Lima,Manhã,3,7.8,4.8,0.8
aluno_1201,Olivia Silva,Tarde,3,1.6,6.2,6.1
aluno_1202,Yasmin Nascimento,Noite,3,0.0,10.0,5.2
aluno_1203,Renata Souza,Manhã,2,5.5,9.4,1.6
aluno_1204,Mariana Costa,Noite,3,1.8,2.4,6.2
aluno_1205,Yasmin Souza,Manhã,2,0.0,1.4,3.2
aluno_1206,Lucas Rodrigues,Manhã,3,8.9,4.0,3.4
aluno_1207,Daniela Costa,Tarde,4,2.8,2.4,1.8
aluno_1208,Yasmin Almeida,Tarde,4,3.6,6.2,8.3
aluno_1209,Bruno Silva,Manhã,4,9.9,3.4,5.8
aluno_1210,Vinicius Costa,Noite,4,7.6,2.3,5.4
aluno_1211,Samuel Souza,Manhã,3,8.6,8.9,6.5
aluno_1212,Carlos Oliveira,Tarde,3,2.0,6.6,8.3
aluno_1213,Vinicius Oliveira,Tarde,2,5.1,3.4,8.5
aluno_1214,Tatiane Silva,Manhã,1,1.2,3.3,1.7
aluno_1215,Tatiane Silva,Tarde,3,4.5,3.1,1.9
aluno_1216,Lucas Souza,Manhã,5,0.1,7.1,5.2
aluno_1217,Fernanda Rodrigues,Noite,3,4.0,5.3,8.6
aluno_1218,Carlos Oliveira,Noite,5,1.0,5.5,0.3
aluno_1219,Lucas Almeida,Tarde,5,0.5,3.5,8.8
aluno_1220,Igor Nascimento,Tarde,5,6.2,1.0,7.8
aluno_1221,Juliana Rodrigues,Manhã,3,8.6,3.7,9.9
aluno_1222,Lucas Rodrigues,Noite,4,3.5,8.2,1.1
aluno_1223,Tatiane Almeida,Noite,2,4.1,6.5,5.5
aluno_1224,Ana Silva,Noite,5,2.7,0.2,8.1
aluno_1225,Tatiane Pereira,Manhã,5,5.0,9.0,1.4
aluno_1226,Eduardo Silva,Tarde,1,0.5,7.3,3.9
aluno_1227,Bruno Silva,Tarde,3,7.9,9.9,0.4
aluno_1228,Helena Silva,Tarde,5,3.6,7.2,3.6
aluno_1229,Nicolas Souza,Tarde,2,1.4,2.9,8.4
aluno_1230,Tatiane Souza,Noite,4,4.9,1.6,3.9
aluno_1231,Mariana Silva,Tarde,2,9.9,8.9,8.2
aluno_1232,Yasmin Rodrigues,Noite,2,8.9,0.6,1.6
aluno_1233,Renata Almeida,Noite,2,1.7,0.9,8.3
aluno_1234,Bruno Pereira,Tarde,1,0.1,3.8,4.6
aluno_1235,Bruno Oliveira,Manhã,5,0.1,4.7,2.2
aluno_1236,Yasmin Pereira,Tarde,4,0.2,4.8,9.8
aluno_1237,Samuel Rodrigues,Tarde,3,4.5,0.4,4.2
aluno_1238,Samuel Silva,Manhã,3,7.9,7.3,7.9
aluno_1239,Vinicius Nascimento,Tarde,4,7.5,8.1,5.9
aluno_1240,Gabriel Costa,Noite,2,5.8,9.6,7.6
aluno_1241,Olivia Nascimento,Manhã,2,2.6,0.2,2.8
aluno_1242,Igor Santos,Manhã,3,7.8,3.8,9.8
aluno_1243,Renata Oliveira,Manhã,2,2.7,9.5,8.0
aluno_1244,Ana Lima,Manhã,4,0.9,3.8,7.9
aluno_1245,Lucas Costa,Manhã,1,0.2,1.6,1.5
aluno_1246,Fernanda Lima,Manhã,2,5.0,9.3,2.9
aluno_1247,Samuel Silva,Tarde,3,7.5,6.0,0.9
aluno_1248,Paulo Pereira,Tarde,2,2.4,0.1,4.9
aluno_1249,Vinicius Oliveira,Noite,2,1.6,5.6,7.9
aluno_1250,Vinicius Santos,Noite,4,3.7,9.7,7.2
aluno_1251,Igor Lima,Tarde,4,0.8,1.2,9.6
aluno_1252,Carlos Almeida,Noite,3,3.6,7.4,0.2
aluno_1253,Yasmin Costa,Tarde,4,9.4,5.8,6.0
aluno_1254,Igor Oliveira,Manhã,4,8.2,7.1,0.9
aluno_1255,Samuel Silva,Tarde,5,1.3,0.8,2.0
aluno_1256,Bruno Lima,Tarde,2,0.1,7.7,0.0
aluno_1257,Nicolas Lima,Tarde,3,1.9,7.6,3.3
aluno_1258,Vinicius Almeida,Manhã,5,1.3,8.1,5.0
aluno_1259,Juliana Santos,Manhã,4,6.6,6.2,2.3
aluno_1260,Olivia Rodrigues,Manhã,3,5.0,8.3,2.2
aluno_1261,Olivia Souza,Tarde,3,8.7,8.6,5.8
aluno_1262,Yasmin Santos,Manhã,3,4.1,2.2,5.3
aluno_1263,Paulo Almeida,Manhã,5,6.1,2.5,9.5
aluno_1264,Yasmin Pereira,Noite,2,3.3,3.2,4.7
aluno_1265,Olivia Silva,Noite,5,2.1,4.6,4.5
aluno_1266,Tatiane Santos,Manhã,4,8.5,1.8,8.9
aluno_1267,Ana Costa,Noite,4,8.7,8.6,4.2
aluno_1268,Renata Costa,Noite,1,3.2,2.8,1.8
aluno_1269,Bruno Santos,Manhã,4,5.5,0.4,2.1
aluno_1270,Eduardo Souza,Noite,5,7.7,2.3,3.3
aluno_1271,Ana Costa,Noite,1,7.1,1.2,6.6
aluno_1272,Daniela Silva,Tarde,4,7.4,1.8,6.2
aluno_1273,Yasmin Costa,Noite,1,3.7,8.0,0.4
aluno_1274,Yasmin Santos,Manhã,1,2.4,8.2,1.3
aluno_1275,Eduardo Silva,Manhã,1,6.5,10.0,2.3
aluno_1276,Mariana Costa,Noite,1,3.0,2.3,4.3
aluno_1277,Samuel Silva,Tarde,5,5.8,9.5,2.4
aluno_1278,Nicolas Oliveira,Manhã,5,6.7,8.6,8.8
aluno_1279,Fernanda Nascimento,Tarde,2,7.8,1.9,2.2
aluno_1280,Vinicius Silva,Manhã,4,7.6,0.2,6.6
aluno_1281,Carlos Lima,Tarde,4,0.9,0.2,1.2
aluno_1282,Yasmin Almeida,Manhã,1,4.4,7.3,3.0
aluno_1283,Tatiane Silva,Manhã,3,7.9,9.3,1.2
aluno_1284,Samuel Santos,Manhã,4,8.6,9.2,8.8
aluno_1285,Ana Lima,Manhã,5,7.5,4.8,7.1
aluno_1286,Renata Lima,Manhã,4,7.7,6.8,5.1
aluno_1287,Mariana Lima,Manhã,2,1.5,4.8,1.3
aluno_1288,Lucas Almeida,Manhã,5,2.6,8.7,2.6
aluno_1289,Fernanda Pereira,Manhã,1,9.2,2.0,9.4
aluno_1290,Paulo Silva,Noite,4,6.1,5.9,5.5
aluno_1291,Lucas Oliveira,Manhã,3,9.0,2.7,9.5
aluno_1292,Paulo Almeida,Noite,4,7.7,8.8,1.3
aluno_1293,Igor Lima,Manhã,4,1.7,1.2,1.9
aluno_1294,Samuel Lima,Manhã,3,0.5,6.4,9.2
aluno_1295,Tatiane Pereira,Manhã,4,8.2,8.9,7.0
aluno_1296,Samuel Nascimento,Noite,1,7.3,4.0,0.5
aluno_1297,Vinicius Pereira,Tarde,1,2.0,1.1,1.9
aluno_1298,Olivia Almeida,Tarde,3,5.7,2.9,7.3
aluno_1299,Helena Nascimento,Noite,1,3.6,8.7,5.4
aluno_1300,Gabriel Nascimento,Noite,4,5.2,4.7,8.6
aluno_1301,Nicolas Lima,Tarde,4,7.4,8.3,7.8
aluno_1302,Igor Souza,Manhã,1,7.2,7.7,1.8
aluno_1303,Olivia Souza,Tarde,4,8.7,4.0,2.8
aluno_1304,Helena Pereira,Manhã,4,3.2,4.6,0.3
aluno_1305,Paulo Souza,Tarde,1,1.6,1.7,7.3
aluno_1306,Olivia Pereira,Noite,2,8.6,0.3,1.0
aluno_1307,Igor Souza,Tarde,5,8.7,9.5,1.4
aluno_1308,Bruno Oliveira,Tarde,4,9.0,5.8,10.0
aluno_1309,Olivia Lima,Tarde,3,9.3,5.5,4.3
aluno_1310,Tatiane Costa,Tarde,2,2.0,5.3,9.8
aluno_1311,Samuel Oliveira,Tarde,3,5.8,3.3,0.8
aluno_1312,Daniela Souza,Noite,2,8.4,0.6,5.0
aluno_1313,Helena Pereira,Tarde,3,7.9,9.5,7.8
aluno_1314,Samuel Oliveira,Noite,3,2.4,4.2,1.4
aluno_1315,Renata Silva,Manhã,4,6.3,4.2,0.8
aluno_1316,Fernanda Souza,Noite,3,5.3,9.5,4.3
aluno_1317,Ana Pereira,Noite,3,6.7,3.4,7.7
aluno_1318,Tatiane Santos,Tarde,5,5.1,2.1,8.2
aluno_1319,Nicolas Oliveira,Noite,5,6.9,4.9,8.4
aluno_1320,Samuel Rodrigues,Noite,3,3.3,0.6,5.8
aluno_1321,Fernanda Oliveira,Tarde,1,3.0,8.3,1.1
aluno_1322,Paulo Nascimento,Noite,1,9.2,8.3,7.8
aluno_1323,Carlos Souza,Manhã,2,2.3,6.1,8.7
aluno_1324,Olivia Almeida,Manhã,2,5.1,5.4,4.0
aluno_1325,Tatiane Almeida,Noite,4,5.9,5.8,9.6
aluno_1326,Juliana Souza,Tarde,4,1.5,0.7,3.6
aluno_1327,Lucas Costa,Noite,3,5.3,6.7,2.7
aluno_1328,Nicolas Oliveira,Noite,1,1.2,9.4,8.1
aluno_1329,Lucas Nascimento,Noite,2,4.6,7.7,9.8
aluno_1330,Mariana Rodrigues,Noite,5,5.0,5.1,3.3
aluno_1331,Paulo Santos,Manhã,2,0.8,9.3,0.0
aluno_1332,Tatiane Nascimento,Tarde,4,9.1,7.4,4.7
aluno_1333,Olivia Lima,Noite,2,9.9,2.0,1.1
aluno_1334,Eduardo Oliveira,Tarde,4,0.4,2.7,3.4
aluno_1335,Yasmin Lima,Manhã,3,5.7,3.6,0.1
aluno_1336,Paulo Santos,Noite,4,3.7,5.7,9.1
aluno_1337,Helena Lima,Noite,3,9.0,2.1,9.8
aluno_1338,Mariana Oliveira,Manhã,5,0.9,3.0,2.4
aluno_1339,Lucas Santos,Noite,4,4.8,4.6,8.2
aluno_1340,Helena Lima,Noite,5,4.5,1.1,9.3
aluno_1341,Renata Pereira,Manhã,3,5.2,7.7,7.7
aluno_1342,Olivia Souza,Manhã,2,2.8,9.2,8.6
aluno_1343,Samuel Silva,Noite,4,3.4,9.4,4.7
aluno_1344,Carlos Costa,Noite,3,4.8,6.4,5.5
aluno_1345,Vinicius Almeida,Noite,4,1.5,9.3,9.8
aluno_1346,Fernanda Pereira,Noite,3,5.3,1.9,7.4
aluno_1347,Eduardo Santos,Noite,5,8.2,6.9,3.2
aluno_1348,Paulo Silva,Noite,1,5.7,8.4,9.7
aluno_1349,Fernanda Pereira,Tarde,2,9.8,7.0,5.3
aluno_1350,Lucas Lima,Manhã,3,0.5,1.4,2.5
aluno_1351,Daniela Nascimento,Noite,3,8.7,6.5,1.5
aluno_1352,Ana Nascimento,Manhã,4,6.8,5.5,6.4
aluno_1353,Mariana Santos,Noite,5,8.9,2.8,6.5
aluno_1354,Mariana Oliveira,Manhã,1,7.6,8.1,3.3
aluno_1355,Olivia Almeida,Noite,4,2.9,1.7,5.4
aluno_1356,Nicolas Costa,Tarde,3,6.4,8.0,4.4
aluno_1357,Daniela Pereira,Manhã,4,5.6,0.6,3.1
aluno_1358,Samuel Santos,Manhã,2,9.6,7.7,8.2
aluno_1359,Lucas Costa,Noite,2,5.7,5.6,0.8
aluno_1360,Fernanda Pereira,Tarde,5,9.7,3.4,5.0
aluno_1361,Samuel Pereira,Tarde,5,4.5,6.9,6.2
aluno_1362,Paulo Souza,Noite,5,6.4,1.4,5.0
aluno_1363,Renata Nascimento,Tarde,3,0.8,6.3,8.1
aluno_1364,Samuel Souza,Noite,1,0.0,8.8,4.4
aluno_1365,Eduardo Rodrigues,Manhã,3,1.3,6.5,6.0
aluno_1366,Yasmin Oliveira,Tarde,2,0.8,6.1,1.9
aluno_1367,Paulo Lima,Tarde,1,3.2,0.2,7.1
aluno_1368,Vinicius Oliveira,Manhã,4,7.3,4.5,5.7
aluno_1369,Juliana Almeida,Manhã,1,0.5,3.5,3.7
aluno_1370,Igor Pereira,Noite,1,7.1,5.6,9.9
aluno_1371,Olivia Lima,Manhã,5,7.9,9.2,4.9
aluno_1372,Nicolas Rodrigues,Noite,5,0.9,6.7,6.8
aluno_1373,Ana Oliveira,Tarde,3,9.6,9.0,0.3
aluno_1374,Bruno Nascimento,Noite,2,6.7,3.1,6.4
aluno_1375,Samuel Oliveira,Manhã,4,8.7,7.7,9.7
aluno_1376,Ana Silva,Noite,1,6.7,1.0,9.5
aluno_1377,Mariana Costa,Manhã,2,8.7,5.7,7.3
aluno_1378,Yasmin Silva,Noite,3,9.8,3.8,9.5
aluno_1379,Ana Costa,Manhã,4,8.6,5.5,9.4
aluno_1380,Bruno Silva,Noite,3,9.7,1.4,2.6
aluno_1381,Helena Rodrigues,Noite,4,2.5,8.9,6.8
aluno_1382,Lucas Rodrigues,Tarde,3,8.5,6.1,2.3
aluno_1383,Olivia Costa,Tarde,1,4.6,4.7,2.8
aluno_1384,Nicolas Rodrigues,Tarde,3,1.8,9.3,3.0
aluno_1385,Ana Almeida,Noite,3,3.5,6.0,3.5
aluno_1386,Eduardo Oliveira,Manhã,4,3.7,8.8,2.6
aluno_1387,Paulo Nascimento,Noite,4,4.7,6.4,5.1
aluno_1388,Paulo Silva,Tarde,4,0.8,3.7,1.7
aluno_1389,Paulo Rodrigues,Noite,1,3.7,1.5,7.6
aluno_1390,Igor Almeida,Noite,5,3.7,2.1,3.2
aluno_1391,Paulo Costa,Tarde,3,3.6,4.2,8.3
aluno_1392,Mariana Almeida,Manhã,2,8.0,8.6,6.4
aluno_1393,Bruno Lima,Manhã,3,1.4,1.5,1.2
aluno_1394,Eduardo Rodrigues,Tarde,4,4.4,7.6,4.5
aluno_1395,Daniela Santos,Manhã,4,4.8,1.9,8.1
aluno_1396,Olivia Souza,Manhã,2,1.1,9.3,2.4
aluno_1397,Bruno Pereira,Noite,4,3.1,7.1,1.6
aluno_1398,Ana Oliveira,Manhã,5,1.4,5.7,1.2
aluno_1399,Paulo Souza,Manhã,5,2.7,5.1,5.4
aluno_1400,Olivia Almeida,Manhã,4,4.5,8.0,5.9
aluno_1401,Eduardo Almeida,Tarde,2,0.7,7.0,3.8
aluno_1402,Tatiane Costa,Noite,2,1.9,1.4,4.0
aluno_1403,Carlos Almeida,Noite,2,1.0,9.5,1.8
aluno_1404,Daniela Lima,Noite,1,7.9,3.3,7.1
aluno_1405,Bruno Almeida,Tarde,2,8.2,1.2,9.7
aluno_1406,Mariana Nascimento,Manhã,2,2.7,4.4,3.4
aluno_1407,Fernanda Santos,Tarde,3,2.3,4.2,5.3
aluno_1408,Lucas Silva,Tarde,2,9.0,9.4,6.8
aluno_1409,Juliana Santos,Noite,2,2.2,8.6,4.0
aluno_1410,Helena Pereira,Noite,1,7.0,1.4,5.9
aluno_1411,Eduardo Nascimento,Manhã,2,0.7,2.8,9.1
aluno_1412,Fernanda Silva,Manhã,3,2.3,2.8,1.8
aluno_1413,Ana Nascimento,Tarde,3,6.3,3.1,1.4
aluno_1414,Nicolas Rodrigues,Manhã,2,7.0,2.2,0.0
aluno_1415,Bruno Costa,Noite,5,7.5,5.5,3.7
aluno_1416,Paulo Silva,Tarde,5,0.3,8.0,9.4
aluno_1417,Yasmin Almeida,Tarde,4,9.8,1.4,9.0
aluno_1418,Mariana Oliveira,Noite,3,0.7,7.0,1.3
aluno_1419,Tatiane Lima,Manhã,1,8.8,2.0,4.9
aluno_1420,Ana Souza,Manhã,4,9.7,8.1,3.9
aluno_1421,Paulo Oliveira,Manhã,4,8.3,6.3,5.7
aluno_1422,Gabriel Almeida,Noite,1,4.9,6.7,7.7
aluno_1423,Tatiane Souza,Manhã,4,7.3,3.9,5.8
aluno_1424,Olivia Lima,Manhã,1,7.2,2.0,1.8
aluno_1425,Helena Oliveira,Noite,4,3.3,1.4,2.1
aluno_1426,Vinicius Nascimento,Tarde,5,6.6,3.1,7.2
aluno_1427,Mariana Oliveira,Manhã,1,6.7,7.2,1.0
aluno_1428,Juliana Lima,Manhã,5,8.8,1.2,2.1
aluno_1429,Samuel Almeida,Noite,3,5.4,3.6,8.8
aluno_1430,Tatiane Lima,Manhã,4,9.0,8.5,1.7
aluno_1431,Carlos Rodrigues,Tarde,1,9.7,3.6,4.9
aluno_1432,Nicolas Santos,Tarde,5,0.2,0.3,3.8
aluno_1433,Samuel Souza,Tarde,1,3.0,3.9,0.4
aluno_1434,Carlos Almeida,Tarde,4,5.5,9.9,4.3
aluno_1435,Eduardo Lima,Tarde,4,1.7,2.4,8.1
aluno_1436,Tatiane Silva,Tarde,2,4.7,6.4,0.1
aluno_1437,Helena Almeida,Tarde,3,7.0,4.8,4.6
aluno_1438,Vinicius Nascimento,Tarde,5,8.1,7.0,2.3
aluno_1439,Samuel Lima,Manhã,4,2.2,6.5,10.0
aluno_1440,Lucas Oliveira,Manhã,5,8.0,1.5,4.7
aluno_1441,Helena Silva,Manhã,4,6.5,4.6,7.9
aluno_1442,Vinicius Almeida,Noite,4,9.0,7.1,1.2
aluno_1443,Eduardo Silva,Tarde,1,0.1,7.1,7.1
aluno_1444,Juliana Costa,Manhã,3,2.4,7.4,8.4
aluno_1445,Gabriel Almeida,Tarde,4,5.7,4.5,5.7
aluno_1446,Vinicius Pereira,Tarde,1,8.1,0.4,4.1
aluno_1447,Yasmin Rodrigues,Tarde,5,0.0,8.4,9.2
aluno_1448,Juliana Silva,Tarde,1,0.0,7.4,6.2
aluno_1449,Nicolas Souza,Noite,4,2.3,5.4,0.3
aluno_1450,Bruno Santos,Noite,4,4.6,5.2,5.4
aluno_1451,Olivia Pereira,Tarde,5,0.2,0.4,0.1
aluno_1452,Samuel Silva,Manhã,4,9.7,2.5,9.7
aluno_1453,Vinicius Nascimento,Tarde,5,4.1,4.6,6.9
aluno_1454,Tatiane Costa,Noite,3,2.3,7.8,5.2
aluno_1455,Carlos Oliveira,Noite,4,9.6,3.9,4.3
aluno_1456,Carlos Silva,Noite,2,3.2,7.4,4.4
aluno_1457,Paulo Souza,Noite,5,9.3,3.2,7.2
aluno_1458,Helena Almeida,Noite,3,4.2,3.8,8.5
aluno_1459,Bruno Rodrigues,Manhã,5,8.7,9.0,9.4
aluno_1460,Nicolas Santos,Tarde,1,8.4,2.4,3.5
aluno_1461,Ana Almeida,Noite,4,7.4,4.8,2.2
aluno_1462,Tatiane Nascimento,Tarde,5,0.5,2.0,9.3
aluno_1463,Vinicius Santos,Tarde,5,3.9,9.2,9.7
aluno_1464,Fernanda Souza,Noite,3,0.5,8.4,6.7
aluno_1465,Samuel Lima,Noite,5,7.6,0.4,3.0
aluno_1466,Carlos Nascimento,Noite,4,1.4,4.9,8.9
aluno_1467,Mariana Souza,Noite,5,3.5,0.2,4.5
aluno_1468,Paulo Silva,Tarde,3,8.0,1.1,2.5
aluno_1469,Samuel Nascimento,Noite,2,7.0,9.3,4.3
aluno_1470,Ana Nascimento,Noite,3,5.0,7.5,3.6
aluno_1471,Gabriel Lima,Noite,2,4.9,7.5,8.1
aluno_1472,Ana Lima,Tarde,1,7.6,2.2,1.7
aluno_1473,Bruno Oliveira,Tarde,5,3.3,4.4,5.0
aluno_1474,Renata Almeida,Tarde,2,1.7,8.7,3.1
aluno_1475,Yasmin Almeida,Manhã,4,7.2,0.9,6.3
aluno_1476,Daniela Almeida,Noite,1,7.8,5.8,8.2
aluno_1477,Carlos Nascimento,Tarde,4,7.4,5.3,7.1
aluno_1478,Nicolas Oliveira,Manhã,4,2.9,1.9,6.7
aluno_1479,Igor Costa,Tarde,3,7.7,2.8,9.0
aluno_1480,Paulo Pereira,Tarde,1,6.3,9.9,2.6
aluno_1481,Helena Pereira,Noite,1,8.8,4.8,3.6
aluno_1482,Igor Pereira,Tarde,5,8.6,6.7,8.9
aluno_1483,Gabriel Rodrigues,Manhã,2,5.2,1.2,1.0
aluno_1484,Igor Lima,Manhã,1,4.5,6.4,4.3
aluno_1485,Samuel Lima,Noite,3,9.2,7.6,6.9
aluno_1486,Renata Rodrigues,Tarde,3,2.4,5.4,7.0
aluno_1487,Carlos Oliveira,Manhã,3,3.2,8.9,0.3
aluno_1488,Carlos Lima,Tarde,3,2.6,4.3,7.2
aluno_1489,Eduardo Santos,Noite,5,2.1,5.9,5.0
aluno_1490,Yasmin Nascimento,Noite,1,2.7,3.0,5.8
aluno_1491,Gabriel Souza,Tarde,1,6.0,8.4,3.8
aluno_1492,Samuel Silva,Manhã,4,1.8,0.2,3.9
aluno_1493,Igor Almeida,Manhã,4,5.9,6.6,8.5
aluno_1494,Carlos Nascimento,Tarde,2,2.2,2.4,9.0
aluno_1495,Samuel Nascimento,Tarde,4,0.7,8.1,5.0
aluno_1496,Igor Silva,Noite,3,0.8,1.0,6.1
aluno_1497,Daniela Silva,Noite,4,3.5,9.7,9.1
aluno_1498,Vinicius Silva,Manhã,5,8.8,3.4,3.1
aluno_1499,Carlos Rodrigues,Tarde,2,6.1,6.1,2.4
aluno_1500,Ana Costa,Tarde,2,2.5,4.4,2.1
aluno_1501,Tatiane Lima,Manhã,4,1.3,1.5,6.2
aluno_1502,Olivia Almeida,Noite,5,9.0,6.1,1.9
aluno_1503,Igor Santos,Noite,2,9.1,6.4,1.4
aluno_1504,Fernanda Silva,Tarde,1,4.6,9.3,4.1
aluno_1505,Bruno Rodrigues,Tarde,5,2.3,2.7,8.6
aluno_1506,Samuel Oliveira,Manhã,5,6.8,0.3,0.6
aluno_1507,Ana Nascimento,Tarde,2,7.1,0.9,5.8
aluno_1508,Igor Souza,Tarde,4,1.6,5.9,2.3
aluno_1509,Nicolas Lima,Tarde,4,7.3,5.6,3.7
aluno_1510,Eduardo Almeida,Manhã,3,2.0,2.2,6.4
aluno_1511,Mariana Pereira,Tarde,5,2.4,0.1,3.9
aluno_1512,Juliana Santos,Manhã,2,4.7,4.0,9.9
aluno_1513,Helena Nascimento,Noite,4,6.3,0.6,3.8
aluno_1514,Olivia Silva,Manhã,4,6.5,4.0,9.9
aluno_1515,Tatiane Nascimento,Tarde,1,5.9,3.5,2.2
aluno_1516,Igor Almeida,Manhã,5,8.7,4.9,3.7
aluno_1517,Olivia Lima,Tarde,5,8.5,3.0,10.0
aluno_1518,Vinicius Lima,Tarde,3,7.1,0.6,0.7
aluno_1519,Mariana Souza,Tarde,1,5.1,0.6,8.6
aluno_1520,Fernanda Almeida,Noite,2,4.4,7.8,7.4
aluno_1521,Igor Souza,Noite,3,3.6,2.5,1.5
aluno_1522,Mariana Souza,Noite,1,9.2,7.1,9.6
aluno_1523,Lucas Silva,Tarde,4,5.0,2.7,1.0
aluno_1524,Renata Oliveira,Manhã,5,7.7,8.9,4.5
aluno_1525,Fernanda Nascimento,Manhã,5,1.6,6.3,2.0
aluno_1526,Bruno Rodrigues,Manhã,1,9.4,3.8,3.6
aluno_1527,Samuel Costa,Tarde,4,9.5,5.4,5.7
aluno_1528,Yasmin Santos,Manhã,4,8.3,1.9,8.8
aluno_1529,Helena Santos,Manhã,5,8.0,2.2,6.8
aluno_1530,Juliana Souza,Manhã,2,9.9,7.5,2.1
aluno_1531,Eduardo Oliveira,Noite,5,6.1,7.4,9.7
aluno_1532,Ana Santos,Tarde,4,5.2,6.0,6.5
aluno_1533,Mariana Rodrigues,Manhã,3,6.3,9.6,1.0
aluno_1534,Vinicius Almeida,Noite,2,1.1,0.1,2.3
aluno_1535,Bruno Pereira,Manhã,4,1.1,9.4,2.6
aluno_1536,Vinicius Silva,Manhã,4,1.1,1.6,3.8
aluno_1537,Samuel Silva,Manhã,1,8.3,3.6,0.8
aluno_1538,Juliana Costa,Tarde,3,5.6,6.9,0.1
aluno_1539,Tatiane Silva,Noite,2,6.2,7.7,6.2
aluno_1540,Ana Pereira,Manhã,4,5.5,2.6,7.4
aluno_1541,Helena Almeida,Noite,2,8.9,1.4,3.1
aluno_1542,Samuel Santos,Noite,1,0.2,5.8,1.4
aluno_1543,Daniela Costa,Noite,5,8.0,8.1,4.4
aluno_1544,Daniela Costa,Noite,3,0.2,8.3,9.2
aluno_1545,Bruno Souza,Noite,3,9.3,6.3,2.2
aluno_1546,Paulo Nascimento,Manhã,5,2.3,7.7,1.2
aluno_1547,Carlos Silva,Noite,4,1.1,3.7,3.3
aluno_1548,Vinicius Almeida,Tarde,3,7.6,8.4,8.2
aluno_1549,Samuel Pereira,Tarde,4,8.0,7.5,2.1
aluno_1550,Bruno Silva,Manhã,5,3.4,5.2,8.6
aluno_1551,Bruno Oliveira,Manhã,5,4.9,3.8,2.2
aluno_1552,Ana Souza,Manhã,1,6.9,3.8,0.9
aluno_1553,Mariana Silva,Noite,1,5.5,9.9,9.2
aluno_1554,Carlos Souza,Manhã,2,7.0,4.2,6.9
aluno_1555,Lucas Rodrigues,Tarde,4,7.0,5.4,5.8
aluno_1556,Carlos Santos,Noite,2,8.0,8.0,4.6
aluno_1557,Fernanda Pereira,Tarde,1,1.6,4.4,8.8
aluno_1558,Fernanda Santos,Noite,4,3.4,4.1,5.3
aluno_1559,Lucas Santos,Manhã,5,8.4,3.4,1.1
aluno_1560,Helena Souza,Noite,1,6.5,2.1,3.7
aluno_1561,Mariana Souza,Noite,2,6.1,1.3,0.5
aluno_1562,Lucas Pereira,Manhã,1,0.7,0.7,7.5
aluno_1563,Eduardo Costa,Manhã,5,7.7,9.1,8.6
aluno_1564,Yasmin Souza,Manhã,5,1.3,9.4,5.5
aluno_1565,Helena Silva,Noite,3,1.4,4.2,0.9
aluno_1566,Mariana Oliveira,Noite,3,3.0,5.8,4.1
aluno_1567,Nicolas Costa,Manhã,3,7.4,1.9,6.6
aluno_1568,Mariana Pereira,Noite,2,8.6,0.6,6.3
aluno_1569,Nicolas Rodrigues,Tarde,1,1.6,6.2,6.8
aluno_1570,Mariana Pereira,Noite,5,6.9,1.5,7.1
aluno_1571,Samuel Oliveira,Manhã,3,1.8,1.2,7.4
aluno_1572,Eduardo Santos,Noite,5,9.4,0.7,3.1
aluno_1573,Igor Almeida,Manhã,4,6.0,7.5,8.8
aluno_1574,Mariana Rodrigues,Tarde,3,7.1,8.6,8.2
aluno_1575,Fernanda Pereira,Noite,5,0.7,9.4,2.3
aluno_1576,Carlos Rodrigues,Tarde,4,2.2,3.7,5.3
aluno_1577,Bruno Costa,Noite,3,9.0,5.8,1.9
aluno_1578,Eduardo Souza,Tarde,1,4.7,0.5,2.1
aluno_1579,Yasmin Oliveira,Noite,2,9.5,7.8,1.8
aluno_1580,Yasmin Lima,Tarde,3,2.0,2.8,3.7
aluno_1581,Lucas Lima,Noite,4,9.9,1.2,8.2
aluno_1582,Mariana Santos,Noite,5,2.1,4.7,0.3
aluno_1583,Renata Costa,Manhã,3,9.3,4.9,2.5
aluno_1584,Renata Oliveira,Tarde,1,8.3,4.8,9.5
aluno_1585,Igor Almeida,Tarde,1,3.1,5.7,4.5
aluno_1586,Olivia Rodrigues,Tarde,5,9.2,1.4,3.5
aluno_1587,Helena Nascimento,Tarde,1,5.4,3.4,5.6
aluno_1588,Bruno Silva,Manhã,5,8.7,5.0,0.6
aluno_1589,Juliana Santos,Tarde,3,4.3,2.9,9.8
aluno_1590,Igor Costa,Tarde,2,7.1,2.5,0.2
aluno_1591,Carlos Almeida,Manhã,3,4.3,6.4,3.1
aluno_1592,Gabriel Silva,Tarde,3,1.0,3.1,7.9
aluno_1593,Tatiane Lima,Noite,1,3.0,9.7,9.1
aluno_1594,Helena Almeida,Tarde,2,2.4,5.5,4.6
aluno_1595,Bruno Nascimento,Tarde,4,0.5,0.2,4.3
aluno_1596,Gabriel Pereira,Noite,1,5.8,8.2,0.1
aluno_1597,Ana Nascimento,Noite,2,2.3,8.0,2.7
aluno_1598,Juliana Nascimento,Manhã,1,7.0,0.5,8.0
aluno_1599,Vinicius Santos,Noite,3,0.1,3.8,4.0
aluno_1600,Mariana Rodrigues,Tarde,1,5.5,5.8,7.5
aluno_1601,Nicolas Silva,Manhã,2,0.5,9.2,0.9
aluno_1602,Daniela Nascimento,Tarde,5,1.6,4.4,2.6
aluno_1603,Helena Souza,Manhã,1,1.5,5.8,5.6
aluno_1604,Eduardo Santos,Tarde,1,8.4,0.3,6.0
aluno_1605,Fernanda Lima,Tarde,4,4.0,7.4,5.6
aluno_1606,Nicolas Rodrigues,Manhã,1,8.4,5.1,7.5
aluno_1607,Samuel Souza,Tarde,3,3.3,6.2,1.4
aluno_1608,Tatiane Santos,Tarde,4,8.0,0.2,7.2
aluno_1609,Ana Nascimento,Manhã,3,3.5,8.3,5.8
aluno_1610,Daniela Silva,Tarde,4,6.3,2.8,0.7
aluno_1611,Paulo Souza,Tarde,4,6.3,1.6,2.0
aluno_1612,Eduardo Oliveira,Noite,2,4.8,6.9,3.7
aluno_1613,Igor Lima,Manhã,1,9.3,7.2,6.9
aluno_1614,Fernanda Souza,Tarde,1,0.1,4.5,5.2
aluno_1615,Fernanda Pereira,Noite,2,7.9,0.4,2.9
aluno_1616,Daniela Santos,Noite,2,1.9,6.6,9.1
aluno_1617,Renata Costa,Tarde,5,5.2,4.6,0.8
aluno_1618,Gabriel Oliveira,Tarde,2,8.4,8.4,4.5
aluno_1619,Paulo Pereira,Manhã,2,6.1,2.6,2.2
aluno_1620,Olivia Nascimento,Noite,2,0.6,0.9,5.2
aluno_1621,Paulo Rodrigues,Noite,2,8.0,3.8,4.1
aluno_1622,Samuel Nascimento,Manhã,5,7.8,2.8,7.5
aluno_1623,Gabriel Silva,Noite,3,2.4,1.7,3.3
aluno_1624,Igor Costa,Noite,2,4.5,3.8,4.4
aluno_1625,Bruno Oliveira,Noite,5,6.0,8.7,4.9
aluno_1626,Daniela Lima,Noite,3,3.4,0.9,8.4
aluno_1627,Bruno Pereira,Tarde,3,9.2,1.4,8.3
aluno_1628,Yasmin Oliveira,Tarde,2,1.3,7.3,0.8
aluno_1629,Igor Santos,Manhã,4,2.5,0.7,9.5
aluno_1630,Eduardo Oliveira,Noite,2,8.7,2.7,8.3
aluno_1631,Samuel Almeida,Manhã,5,1.7,8.7,4.9
aluno_1632,Olivia Silva,Tarde,2,0.2,9.4,5.9
aluno_1633,Vinicius Costa,Manhã,3,5.3,7.8,1.2
aluno_1634,Yasmin Souza,Tarde,5,2.1,5.7,2.2
aluno_1635,Mariana Souza,Noite,1,5.5,6.7,7.3
aluno_1636,Tatiane Silva,Tarde,1,9.6,7.4,8.8
aluno_1637,Yasmin Pereira,Noite,3,0.5,3.1,2.5
aluno_1638,Carlos Costa,Tarde,2,4.0,3.2,2.1
aluno_1639,Lucas Rodrigues,Manhã,3,9.5,1.2,9.4
aluno_1640,Gabriel Rodrigues,Manhã,5,3.2,6.9,7.2
aluno_1641,Paulo Nascimento,Noite,1,0.1,3.5,8.4
aluno_1642,Helena Pereira,Noite,2,5.8,4.6,7.0
aluno_1643,Fernanda Santos,Manhã,2,5.9,2.9,9.9
aluno_1644,Vinicius Costa,Tarde,2,1.7,1.2,8.8
aluno_1645,Fernanda Santos,Tarde,1,1.2,1.0,4.6
aluno_1646,Helena Costa,Noite,2,2.9,4.2,7.9
aluno_1647,Fernanda Nascimento,Manhã,1,2.9,3.7,1.8
aluno_1648,Nicolas Oliveira,Tarde,4,5.9,0.4,7.2
aluno_1649,Daniela Costa,Noite,1,9.0,2.3,0.4
aluno_1650,Samuel Nascimento,Tarde,1,6.3,7.2,8.5
aluno_1651,Yasmin Souza,Tarde,2,5.8,6.0,1.1
aluno_1652,Tatiane Souza,Noite,4,9.3,4.6,9.9
aluno_1653,Juliana Silva,Noite,4,3.0,2.8,5.3
aluno_1654,Yasmin Rodrigues,Manhã,5,0.7,8.1,9.2
aluno_1655,Ana Silva,Tarde,4,3.8,3.8,3.7
aluno_1656,Helena Pereira,Manhã,1,6.3,8.8,3.0
aluno_1657,Renata Santos,Noite,5,9.7,3.1,4.5
aluno_1658,Yasmin Costa,Manhã,2,5.7,3.8,1.5
aluno_1659,Olivia Pereira,Noite,1,8.9,9.3,2.5
aluno_1660,Ana Almeida,Noite,4,3.5,8.5,0.7
aluno_1661,Paulo Silva,Tarde,1,2.6,4.2,6.7
aluno_1662,Olivia Silva,Tarde,4,5.9,1.9,0.2
aluno_1663,Fernanda Costa,Tarde,2,7.0,7.6,3.8
aluno_1664,Bruno Lima,Tarde,4,5.1,8.2,2.5
aluno_1665,Carlos Souza,Noite,1,4.9,5.2,2.9
aluno_1666,Samuel Silva,Manhã,2,6.0,8.0,9.9
aluno_1667,Renata Nascimento,Manhã,3,7.3,5.5,5.2
aluno_1668,Helena Lima,Manhã,1,5.4,0.2,0.0
aluno_1669,Juliana Costa,Tarde,3,5.4,3.6,8.1
aluno_1670,Mariana Oliveira,Noite,2,3.4,8.7,0.8
aluno_1671,Samuel Nascimento,Tarde,4,9.9,9.8,0.9
aluno_1672,Vinicius Costa,Noite,3,6.2,0.8,7.5
aluno_1673,Fernanda Lima,Noite,2,2.3,8.3,1.0
aluno_1674,Daniela Oliveira,Tarde,1,4.4,4.3,4.2
aluno_1675,Samuel Lima,Tarde,1,3.5,9.3,8.4
aluno_1676,Igor Nascimento,Tarde,1,9.6,8.0,8.5
aluno_1677,Bruno Silva,Noite,1,0.4,3.7,1.3
aluno_1678,Tatiane Nascimento,Tarde,4,4.8,4.6,2.6
aluno_1679,Gabriel Pereira,Tarde,3,3.2,9.4,3.4
aluno_1680,Olivia Souza,Manhã,3,1.2,8.3,4.6
aluno_1681,Samuel Santos,Tarde,2,5.5,4.4,4.4
aluno_1682,Vinicius Nascimento,Noite,1,3.5,3.7,2.0
aluno_1683,Eduardo Rodrigues,Manhã,3,7.5,9.8,8.7
aluno_1684,Bruno Nascimento,Manhã,2,1.9,4.2,5.4
aluno_1685,Eduardo Nascimento,Manhã,1,6.9,3.6,1.2
aluno_1686,Igor Pereira,Tarde,3,10.0,2.8,6.1
aluno_1687,Helena Costa,Noite,1,3.0,5.3,9.9
aluno_1688,Nicolas Oliveira,Tarde,3,5.2,2.1,2.8
aluno_1689,Vinicius Pereira,Manhã,4,8.7,2.0,5.0
aluno_1690,Juliana Costa,Noite,1,1.0,2.2,2.3
aluno_1691,Mariana Lima,Noite,5,5.7,7.1,2.1
aluno_1692,Carlos Lima,Tarde,4,6.4,6.1,3.4
aluno_1693,Tatiane Pereira,Tarde,3,9.7,8.0,9.3
aluno_1694,Gabriel Lima,Manhã,2,5.1,4.4,4.7
aluno_1695,Vinicius Santos,Noite,5,8.7,3.2,8.2
aluno_1696,Bruno Santos,Noite,3,2.1,1.5,6.0
aluno_1697,Nicolas Rodrigues,Tarde,4,9.8,7.2,3.4
aluno_1698,Eduardo Costa,Noite,4,7.7,4.7,9.8
aluno_1699,Ana Santos,Manhã,5,1.4,0.7,2.0
aluno_1700,Carlos Costa,Tarde,3,2.6,6.2,2.1
aluno_1701,Lucas Pereira,Noite,4,5.2,0.5,4.2
aluno_1702,Samuel Rodrigues,Noite,1,5.2,1.1,2.6
aluno_1703,Eduardo Oliveira,Tarde,2,3.9,5.8,8.9
aluno_1704,Renata Santos,Noite,1,9.5,9.6,3.3
aluno_1705,Bruno Almeida,Manhã,3,9.9,8.1,9.8
aluno_1706,Igor Nascimento,Tarde,1,5.8,1.1,4.8
aluno_1707,Vinicius Souza,Tarde,3,7.5,2.5,3.6
aluno_1708,Gabriel Silva,Manhã,2,7.3,2.1,7.6
aluno_1709,Samuel Lima,Noite,3,2.7,3.3,2.4
aluno_1710,Tatiane Lima,Manhã,1,3.5,9.8,5.7
aluno_1711,Igor Souza,Tarde,3,2.6,5.9,8.4
aluno_1712,Paulo Almeida,Noite,3,3.0,2.4,8.3
aluno_1713,Helena Pereira,Tarde,5,9.9,4.0,8.8
aluno_1714,Igor Lima,Manhã,1,6.3,3.9,8.5
aluno_1715,Bruno Silva,Noite,5,3.5,5.4,2.3
aluno_1716,Eduardo Souza,Manhã,4,3.4,5.5,2.5
aluno_1717,Samuel Pereira,Manhã,4,6.1,2.3,2.2
aluno_1718,Fernanda Lima,Noite,2,4.2,5.0,6.8
aluno_1719,Eduardo Santos,Tarde,3,10.0,6.1,1.6
aluno_1720,Samuel Nascimento,Manhã,3,6.5,5.8,2.4
aluno_1721,Samuel Souza,Noite,1,0.5,4.0,5.4
aluno_1722,Fernanda Silva,Noite,3,3.8,3.5,4.8
aluno_1723,Helena Santos,Manhã,3,1.9,2.2,3.8
aluno_1724,Mariana Pereira,Manhã,1,7.1,9.3,6.3
aluno_1725,Ana Rodrigues,Manhã,4,5.6,3.9,8.7
aluno_1726,Igor Nascimento,Noite,3,3.1,9.0,1.2
aluno_1727,Gabriel Rodrigues,Noite,3,2.2,9.4,2.5
aluno_1728,Lucas Rodrigues,Manhã,4,3.5,4.9,4.0
aluno_1729,Lucas Santos,Tarde,4,7.4,7.9,4.6
aluno_1730,Bruno Lima,Tarde,1,4.9,7.4,6.9
aluno_1731,Mariana Rodrigues,Tarde,3,1.2,2.0,0.2
aluno_1732,Mariana Costa,Tarde,3,4.3,5.3,10.0
aluno_1733,Samuel Costa,Noite,2,1.3,9.9,1.9
aluno_1734,Yasmin Pereira,Manhã,4,6.9,8.3,7.0
aluno_1735,Bruno Oliveira,Tarde,5,9.4,4.5,0.9
aluno_1736,Samuel Pereira,Noite,2,6.3,9.4,2.5
aluno_1737,Vinicius Silva,Manhã,4,5.5,0.7,1.5
aluno_1738,Nicolas Souza,Tarde,1,0.4,6.6,7.3
aluno_1739,Lucas Almeida,Noite,5,6.7,8.6,2.5
aluno_1740,Carlos Lima,Noite,2,3.8,8.6,7.1
aluno_1741,Yasmin Lima,Manhã,4,2.0,2.3,8.7
aluno_1742,Fernanda Souza,Manhã,2,6.4,5.1,5.3
aluno_1743,Paulo Almeida,Noite,4,0.8,9.5,7.1
aluno_1744,Carlos Rodrigues,Manhã,3,1.7,2.7,5.0
aluno_1745,Helena Oliveira,Tarde,4,9.5,2.4,7.4
aluno_1746,Carlos Santos,Manhã,2,8.5,5.2,8.7
aluno_1747,Juliana Costa,Noite,4,2.3,1.3,3.9
aluno_1748,Mariana Costa,Noite,4,4.3,0.3,7.8
aluno_1749,Mariana Rodrigues,Manhã,5,1.5,4.6,3.2
aluno_1750,Carlos Santos,Tarde,3,7.1,2.5,1.9
aluno_1751,Juliana Nascimento,Manhã,2,6.6,6.7,8.5
aluno_1752,Nicolas Silva,Noite,4,10.0,3.9,3.6
aluno_1753,Bruno Almeida,Noite,1,2.2,8.2,1.8
aluno_1754,Olivia Costa,Tarde,3,5.8,2.9,3.4
aluno_1755,Helena Lima,Noite,2,0.9,4.8,6.0
aluno_1756,Renata Pereira,Manhã,2,7.5,1.1,1.3
aluno_1757,Samuel Rodrigues,Tarde,2,1.3,8.8,1.3
aluno_1758,Ana Nascimento,Noite,5,2.6,4.6,0.3
aluno_1759,Paulo Souza,Noite,4,5.4,0.4,2.8
aluno_1760,Daniela Almeida,Tarde,5,8.8,0.5,5.0
aluno_1761,Lucas Rodrigues,Manhã,2,7.6,8.5,0.6
aluno_1762,Carlos Nascimento,Manhã,4,8.3,2.2,6.0
aluno_1763,Carlos Almeida,Manhã,4,2.3,6.3,4.3
aluno_1764,Yasmin Nascimento,Noite,5,7.6,4.0,3.3
aluno_1765,Daniela Rodrigues,Manhã,5,9.6,9.5,1.7
aluno_1766,Tatiane Souza,Manhã,1,9.4,9.2,2.3
aluno_1767,Tatiane Pereira,Noite,2,3.6,4.8,3.8
aluno_1768,Helena Silva,Manhã,1,7.6,0.2,1.2
aluno_1769,Nicolas Rodrigues,Tarde,2,1.1,9.6,4.5
aluno_1770,Mariana Oliveira,Tarde,2,8.1,8.6,4.9
aluno_1771,Nicolas Santos,Tarde,5,3.0,6.1,5.0
aluno_1772,Yasmin Souza,Tarde,5,8.0,8.0,0.3
aluno_1773,Tatiane Pereira,Tarde,3,1.5,2.8,1.4
aluno_1774,Eduardo Nascimento,Tarde,1,3.3,0.2,5.9
aluno_1775,Carlos Nascimento,Manhã,3,2.5,7.8,7.3
aluno_1776,Eduardo Rodrigues,Noite,4,1.5,6.3,0.2
aluno_1777,Mariana Nascimento,Manhã,3,3.3,1.6,4.3
aluno_1778,Carlos Rodrigues,Manhã,1,6.9,6.0,0.6
aluno_1779,Mariana Costa,Manhã,2,6.3,6.2,0.9
aluno_1780,Paulo Santos,Manhã,1,3.2,5.9,9.0
aluno_1781,Samuel Santos,Manhã,3,0.5,6.5,6.4
aluno_1782,Renata Pereira,Manhã,4,4.8,2.0,6.4
aluno_1783,Renata Santos,Noite,3,2.7,3.9,1.2
aluno_1784,Ana Silva,Noite,4,9.5,8.1,9.2
aluno_1785,Bruno Souza,Noite,1,1.6,4.0,0.0
aluno_1786,Ana Oliveira,Noite,4,3.7,1.8,2.6
aluno_1787,Juliana Silva,Noite,4,5.0,5.7,8.4
aluno_1788,Igor Costa,Manhã,4,3.6,5.4,9.6
aluno_1789,Juliana Costa,Tarde,4,7.1,4.7,2.2
aluno_1790,Bruno Pereira,Manhã,4,5.6,9.6,2.3
aluno_1791,Nicolas Rodrigues,Tarde,5,6.1,1.6,4.8
aluno_1792,Mariana Rodrigues,Tarde,2,9.7,6.2,2.3
aluno_1793,Bruno Almeida,Noite,1,0.4,6.6,3.9
aluno_1794,Mariana Almeida,Tarde,5,8.4,6.1,1.8
aluno_1795,Bruno Nascimento,Tarde,5,9.5,5.6,6.9
aluno_1796,Mariana Oliveira,Noite,3,0.2,9.8,0.2
aluno_1797,Olivia Santos,Tarde,5,8.5,9.1,2.8
aluno_1798,Samuel Rodrigues,Manhã,5,7.5,6.0,6.9
aluno_1799,Samuel Almeida,Manhã,5,6.8,9.6,3.9
aluno_1800,Juliana Souza,Manhã,5,4.9,0.5,8.3
aluno_1801,Lucas Almeida,Manhã,1,5.8,1.1,0.1
aluno_1802,Gabriel Nascimento,Tarde,5,6.9,3.3,1.1
aluno_1803,Mariana Lima,Tarde,1,4.4,3.3,5.2
aluno_1804,Vinicius Nascimento,Noite,3,9.3,3.2,0.7
aluno_1805,Nicolas Santos,Tarde,5,5.0,5.3,6.3
aluno_1806,Daniela Almeida,Noite,5,4.4,1.5,3.3
aluno_1807,Helena Oliveira,Noite,4,3.8,2.2,2.6
aluno_1808,Samuel Nascimento,Manhã,5,3.3,9.0,6.2
aluno_1809,Samuel Lima,Noite,5,8.4,6.8,3.9
aluno_1810,Igor Lima,Noite,2,3.9,0.7,4.1
aluno_1811,Fernanda Santos,Tarde,4,0.1,8.2,4.3
aluno_1812,Ana Rodrigues,Manhã,2,3.9,9.5,5.0
aluno_1813,Yasmin Lima,Manhã,4,2.0,6.9,1.3
aluno_1814,Lucas Silva,Tarde,2,0.9,6.6,7.3
aluno_1815,Renata Lima,Tarde,2,9.0,7.0,0.1
aluno_1816,Gabriel Lima,Tarde,4,2.1,1.4,3.7
aluno_1817,Bruno Santos,Noite,3,3.9,7.4,4.7
aluno_1818,Igor Santos,Tarde,5,0.5,1.6,6.9
aluno_1819,Eduardo Santos,Tarde,1,5.7,2.4,8.2
aluno_1820,Bruno Santos,Manhã,1,9.8,5.2,1.5
aluno_1821,Nicolas Lima,Tarde,1,2.9,2.2,0.5
aluno_1822,Juliana Almeida,Tarde,5,9.1,3.9,9.4
aluno_1823,Samuel Nascimento,Manhã,4,5.6,3.5,3.8
aluno_1824,Yasmin Lima,Noite,4,8.5,7.1,4.3
aluno_1825,Juliana Nascimento,Noite,4,2.3,7.9,7.0
aluno_1826,Tatiane Almeida,Manhã,5,6.8,6.5,4.4
aluno_1827,Paulo Almeida,Manhã,1,7.0,0.7,8.4
aluno_1828,Yasmin Rodrigues,Noite,4,5.5,2.6,1.2
aluno_1829,Helena Lima,Noite,5,2.3,4.7,3.3
aluno_1830,Juliana Santos,Manhã,2,9.3,2.0,6.0
aluno_1831,Paulo Almeida,Manhã,2,5.2,0.4,5.5
aluno_1832,Lucas Nascimento,Tarde,1,8.7,6.2,7.7
aluno_1833,Tatiane Silva,Noite,1,2.7,0.3,2.3
aluno_1834,Fernanda Pereira,Manhã,4,6.8,6.8,2.1
aluno_1835,Eduardo Rodrigues,Manhã,1,2.1,9.3,5.5
aluno_1836,Carlos Lima,Tarde,3,6.8,6.8,3.9
aluno_1837,Yasmin Silva,Noite,3,5.6,9.8,1.7
aluno_1838,Daniela Santos,Noite,1,0.7,2.7,1.3
aluno_1839,Mariana Oliveira,Noite,3,8.3,5.0,0.2
aluno_1840,Eduardo Pereira,Manhã,3,0.8,4.4,3.3
aluno_1841,Igor Nascimento,Tarde,2,7.7,0.1,0.6
aluno_1842,Tatiane Lima,Tarde,4,8.9,4.3,6.6
aluno_1843,Carlos Almeida,Noite,1,0.9,3.0,6.6
aluno_1844,Igor Almeida,Noite,5,0.4,0.7,1.2
aluno_1845,Bruno Santos,Tarde,4,8.7,1.0,4.6
aluno_1846,Lucas Pereira,Tarde,3,7.2,4.3,3.8
aluno_1847,Ana Almeida,Tarde,3,9.7,3.5,7.2
aluno_1848,Ana Souza,Manhã,3,2.2,1.6,4.4
aluno_1849,Eduardo Lima,Tarde,3,9.3,2.6,2.1
aluno_1850,Juliana Almeida,Tarde,1,7.6,1.4,5.2
aluno_1851,Nicolas Santos,Noite,4,0.9,2.9,0.2
aluno_1852,Helena Pereira,Noite,2,0.7,7.2,0.9
aluno_1853,Mariana Costa,Noite,2,5.1,8.3,5.5
aluno_1854,Eduardo Pereira,Tarde,1,2.7,4.3,7.8
aluno_1855,Carlos Nascimento,Manhã,1,7.2,0.1,2.7
aluno_1856,Lucas Silva,Manhã,1,8.4,3.1,9.9
aluno_1857,Bruno Almeida,Manhã,1,4.8,3.0,1.2
aluno_1858,Ana Oliveira,Tarde,1,5.5,6.8,6.8
aluno_1859,Samuel Almeida,Noite,1,8.9,1.2,2.6
aluno_1860,Paulo Souza,Tarde,3,2.3,1.5,4.2
aluno_1861,Mariana Nascimento,Noite,5,2.9,9.7,4.3
aluno_1862,Gabriel Silva,Noite,4,7.9,7.5,3.5
aluno_1863,Nicolas Rodrigues,Tarde,3,1.5,9.1,9.0
aluno_1864,Samuel Silva,Manhã,1,5.1,0.5,1.7
aluno_1865,Renata Almeida,Tarde,5,4.5,9.9,1.8
aluno_1866,Igor Lima,Tarde,2,7.1,3.1,10.0
aluno_1867,Fernanda Silva,Tarde,5,0.9,0.9,1.6
aluno_1868,Nicolas Lima,Tarde,4,8.8,7.9,3.5
aluno_1869,Olivia Oliveira,Manhã,2,0.2,6.4,3.7
aluno_1870,Carlos Pereira,Noite,3,0.5,7.4,4.8
aluno_1871,Mariana Lima,Tarde,1,5.7,9.2,0.1
aluno_1872,Mariana Oliveira,Manhã,5,6.6,7.7,0.2
aluno_1873,Nicolas Almeida,Manhã,4,8.2,1.4,1.2
aluno_1874,Daniela Silva,Tarde,1,5.8,7.7,2.6
aluno_1875,Helena Lima,Noite,3,10.0,5.0,9.6
aluno_1876,Eduardo Pereira,Noite,2,6.3,10.0,1.5
aluno_1877,Mariana Lima,Noite,4,4.7,8.7,8.6
aluno_1878,Daniela Lima,Tarde,5,2.6,5.2,8.8
aluno_1879,Igor Nascimento,Manhã,1,5.0,9.0,2.1
aluno_1880,Vinicius Rodrigues,Tarde,3,7.3,4.3,5.6
aluno_1881,Igor Rodrigues,Manhã,5,8.3,6.3,6.8
aluno_1882,Igor Pereira,Noite,2,7.2,2.1,6.5
aluno_1883,Olivia Oliveira,Manhã,2,1.8,5.3,3.7
aluno_1884,Paulo Lima,Tarde,2,2.6,8.9,2.6
aluno_1885,Juliana Santos,Tarde,1,7.8,1.6,3.0
aluno_1886,Mariana Souza,Noite,4,2.5,3.4,1.5
aluno_1887,Eduardo Nascimento,Noite,1,5.7,0.4,1.5
aluno_1888,Samuel Nascimento,Tarde,5,5.2,6.6,3.4
aluno_1889,Ana Santos,Manhã,5,8.7,8.1,9.0
aluno_1890,Juliana Rodrigues,Noite,1,4.0,5.3,0.8
aluno_1891,Juliana Santos,Tarde,5,1.3,5.5,7.6
aluno_1892,Tatiane Rodrigues,Noite,2,8.5,9.4,0.1
aluno_1893,Samuel Silva,Noite,5,3.2,5.2,9.4
aluno_1894,Fernanda Rodrigues,Manhã,2,5.3,7.5,2.3
aluno_1895,Eduardo Lima,Manhã,2,4.6,4.9,3.5
aluno_1896,Daniela Oliveira,Tarde,1,1.6,0.9,3.0
aluno_1897,Renata Lima,Tarde,3,7.3,3.3,2.9
aluno_1898,Olivia Santos,Manhã,1,4.4,1.8,2.9
aluno_1899,Fernanda Rodrigues,Manhã,2,8.4,7.3,8.5
aluno_1900,Juliana Almeida,Noite,5,7.3,9.3,7.1
aluno_1901,Paulo Silva,Tarde,3,1.2,1.6,6.3
aluno_1902,Samuel Almeida,Manhã,3,5.0,4.5,9.4
aluno_1903,Igor Almeida,Noite,1,8.3,6.2,8.2
aluno_1904,Olivia Almeida,Tarde,1,3.5,2.4,6.6
aluno_1905,Carlos Souza,Manhã,2,7.2,3.0,0.5
aluno_1906,Samuel Lima,Noite,1,0.4,0.5,3.8
aluno_1907,Helena Almeida,Noite,3,6.5,8.4,5.7
aluno_1908,Ana Costa,Noite,1,2.6,0.2,8.5
aluno_1909,Tatiane Souza,Manhã,4,4.8,7.8,6.6
aluno_1910,Helena Santos,Tarde,5,8.7,5.0,7.9
aluno_1911,Nicolas Costa,Noite,2,9.6,0.7,8.7
aluno_1912,Daniela Souza,Manhã,1,3.8,5.6,7.2
aluno_1913,Carlos Pereira,Manhã,5,7.8,6.5,5.8
aluno_1914,Carlos Almeida,Tarde,5,5.7,5.9,6.6
aluno_1915,Gabriel Pereira,Noite,1,1.6,2.5,0.7
aluno_1916,Igor Rodrigues,Tarde,5,4.7,6.9,6.7
aluno_1917,Yasmin Lima,Noite,1,7.1,6.8,9.5
aluno_1918,Carlos Rodrigues,Tarde,5,7.1,6.3,1.8
aluno_1919,Bruno Almeida,Tarde,1,4.8,8.1,2.8
aluno_1920,Eduardo Oliveira,Tarde,3,8.4,8.5,0.8
aluno_1921,Lucas Rodrigues,Tarde,4,7.3,0.5,4.1
aluno_1922,Eduardo Lima,Manhã,3,3.0,6.2,1.7
aluno_1923,Daniela Costa,Noite,2,5.4,0.0,8.7
aluno_1924,Helena Oliveira,Noite,5,8.6,7.3,9.1
aluno_1925,Paulo Almeida,Manhã,4,5.1,6.8,2.9
aluno_1926,Mariana Santos,Manhã,3,1.2,4.5,1.1
aluno_1927,Nicolas Pereira,Noite,2,5.9,0.4,9.4
aluno_1928,Paulo Costa,Tarde,1,5.3,7.2,9.8
aluno_1929,Fernanda Lima,Manhã,2,9.5,7.3,1.7
aluno_1930,Vinicius Almeida,Tarde,3,9.8,7.9,0.9
aluno_1931,Igor Santos,Noite,4,5.3,1.2,9.9
aluno_1932,Vinicius Nascimento,Tarde,2,8.2,9.0,4.1
aluno_1933,Paulo Almeida,Tarde,4,8.5,5.2,4.0
aluno_1934,Carlos Lima,Manhã,1,3.6,6.8,6.6
aluno_1935,Fernanda Santos,Noite,3,6.4,0.8,0.6
aluno_1936,Daniela Souza,Noite,4,5.2,0.8,6.6
aluno_1937,Lucas Rodrigues,Tarde,4,6.0,4.6,9.0
aluno_1938,Fernanda Costa,Noite,2,4.8,2.9,2.9
aluno_1939,Paulo Lima,Noite,1,8.3,8.1,2.3
aluno_1940,Yasmin Almeida,Tarde,5,4.3,3.3,0.1
aluno_1941,Daniela Oliveira,Tarde,4,7.2,7.3,2.8
aluno_1942,Lucas Almeida,Manhã,3,2.0,8.0,2.9
aluno_1943,Gabriel Santos,Manhã,4,9.1,0.4,4.4
aluno_1944,Yasmin Almeida,Noite,5,5.7,6.3,5.6
aluno_1945,Renata Silva,Noite,4,4.9,9.5,7.1
aluno_1946,Mariana Silva,Noite,4,4.0,5.2,1.7
aluno_1947,Helena Lima,Tarde,5,8.7,5.3,0.9
aluno_1948,Lucas Souza,Noite,2,4.7,2.8,8.8
aluno_1949,Samuel Oliveira,Manhã,2,7.0,1.3,9.7
aluno_1950,Fernanda Pereira,Noite,5,9.3,8.6,6.1
aluno_1951,Renata Costa,Noite,2,1.8,4.1,8.2
aluno_1952,Gabriel Nascimento,Manhã,3,9.4,7.9,5.3
aluno_1953,Vinicius Rodrigues,Tarde,1,0.9,1.6,8.7
aluno_1954,Lucas Oliveira,Manhã,5,6.9,3.9,2.8
aluno_1955,Carlos Silva,Noite,5,9.9,9.1,4.6
aluno_1956,Eduardo Rodrigues,Noite,3,5.1,5.0,5.8
aluno_1957,Vinicius Nascimento,Manhã,5,6.5,9.1,8.0
aluno_1958,Helena Costa,Noite,3,6.2,3.1,5.8
aluno_1959,Gabriel Costa,Noite,5,4.0,6.6,5.8
aluno_1960,Mariana Pereira,Noite,1,9.6,8.9,5.5
aluno_1961,Carlos Rodrigues,Manhã,3,3.7,6.7,7.2
aluno_1962,Fernanda Silva,Tarde,5,8.3,2.3,7.5
aluno_1963,Mariana Costa,Tarde,2,0.6,0.7,2.6
aluno_1964,Helena Souza,Tarde,5,5.4,1.5,0.1
aluno_1965,Samuel Santos,Noite,4,8.4,9.0,6.1
aluno_1966,Carlos Oliveira,Manhã,3,9.4,3.8,8.5
aluno_1967,Tatiane Souza,Noite,3,9.5,3.0,6.7
aluno_1968,Paulo Oliveira,Tarde,5,4.0,1.8,9.4
aluno_1969,Tatiane Rodrigues,Manhã,4,0.4,4.3,6.4
aluno_1970,Samuel Oliveira,Manhã,5,1.1,5.0,3.0
aluno_1971,Olivia Almeida,Manhã,1,9.6,8.9,7.1
aluno_1972,Eduardo Santos,Manhã,2,4.4,5.4,0.5
aluno_1973,Vinicius Silva,Tarde,3,8.7,8.4,0.7
aluno_1974,Tatiane Costa,Manhã,5,5.7,3.4,1.5
aluno_1975,Ana Costa,Tarde,5,7.4,6.2,3.4
aluno_1976,Juliana Oliveira,Tarde,2,5.1,8.4,5.0
aluno_1977,Paulo Rodrigues,Manhã,3,7.9,6.1,9.0
aluno_1978,Helena Almeida,Noite,1,8.9,4.4,0.1
aluno_1979,Gabriel Rodrigues,Manhã,2,5.7,5.0,8.9
aluno_1980,Bruno Costa,Tarde,3,7.9,2.7,1.0
aluno_1981,Tatiane Souza,Tarde,2,3.8,6.1,9.0
aluno_1982,Paulo Almeida,Tarde,2,5.9,9.2,8.7
aluno_1983,Igor Costa,Tarde,3,1.4,9.9,8.7
aluno_1984,Lucas Souza,Manhã,2,5.9,2.5,9.8
aluno_1985,Mariana Almeida,Noite,4,7.6,5.6,1.1
aluno_1986,Tatiane Almeida,Manhã,1,0.3,4.9,2.2
aluno_1987,Juliana Lima,Tarde,1,7.4,1.7,7.4
aluno_1988,Vinicius Almeida,Noite,4,6.3,4.5,4.0
aluno_1989,Igor Nascimento,Noite,4,1.9,1.5,2.9
aluno_1990,Mariana Rodrigues,Manhã,1,8.9,1.4,6.6
aluno_1991,Lucas Nascimento,Tarde,3,9.5,7.1,6.3
aluno_1992,Igor Pereira,Noite,4,1.6,7.5,9.2
aluno_1993,Bruno Pereira,Noite,3,4.5,3.7,5.1
aluno_1994,Nicolas Almeida,Tarde,4,3.5,3.4,0.7
aluno_1995,Eduardo Costa,Tarde,5,4.1,1.5,0.5
aluno_1996,Gabriel Nascimento,Manhã,5,0.4,6.9,3.0
aluno_1997,Eduardo Souza,Tarde,3,7.2,4.9,3.3
aluno_1998,Vinicius Costa,Noite,3,6.3,1.1,6.0
aluno_1999,Carlos Oliveira,Noite,1,9.0,1.3,1.6
aluno_2000,Nicolas Lima,Tarde,3,9.7,1.1,3.5
